
> inception-23-web@1.0.0 dev
> next dev -p 3006

   ▲ Next.js 15.5.9
   - Local:        http://localhost:3006
   - Network:      http://192.168.56.1:3006

 ✓ Starting...
 ✓ Ready in 3.1s
 ○ Compiling / ...
 ✓ Compiled / in 6.9s (4578 modules)
 GET / 200 in 8556ms
 ✓ Compiled in 2.3s (2210 modules)
 GET / 200 in 1354ms
 ○ Compiling /favicon.ico ...
 ✓ Compiled /favicon.ico in 1644ms (2385 modules)
 GET / 200 in 2255ms
 GET /favicon.ico 200 in 205ms
 ○ Compiling /api/config ...
 ✓ Compiled /api/config in 3.6s (4588 modules)
prisma:query SELECT `main`.`ServiceCategory`.`id`, `main`.`ServiceCategory`.`labelEn`, `main`.`ServiceCategory`.`labelBn`, `main`.`ServiceCategory`.`order`, `main`.`ServiceCategory`.`isActive` FROM `main`.`ServiceCategory` WHERE 1=1 ORDER BY `main`.`ServiceCategory`.`order` ASC LIMIT ? OFFSET ?
prisma:query SELECT `main`.`ServiceItem`.`id`, `main`.`ServiceItem`.`categoryId`, `main`.`ServiceItem`.`titleEn`, `main`.`ServiceItem`.`titleBn`, `main`.`ServiceItem`.`descEn`, `main`.`ServiceItem`.`descBn`, `main`.`ServiceItem`.`icon`, `main`.`ServiceItem`.`theme`, `main`.`ServiceItem`.`order` FROM `main`.`ServiceItem` WHERE `main`.`ServiceItem`.`categoryId` IN (?,?,?,?) ORDER BY `main`.`ServiceItem`.`order` ASC LIMIT ? OFFSET ?
 GET /api/config 200 in 3951ms
prisma:query SELECT `main`.`ServiceCategory`.`id`, `main`.`ServiceCategory`.`labelEn`, `main`.`ServiceCategory`.`labelBn`, `main`.`ServiceCategory`.`order`, `main`.`ServiceCategory`.`isActive` FROM `main`.`ServiceCategory` WHERE 1=1 ORDER BY `main`.`ServiceCategory`.`order` ASC LIMIT ? OFFSET ?
prisma:query SELECT `main`.`ServiceItem`.`id`, `main`.`ServiceItem`.`categoryId`, `main`.`ServiceItem`.`titleEn`, `main`.`ServiceItem`.`titleBn`, `main`.`ServiceItem`.`descEn`, `main`.`ServiceItem`.`descBn`, `main`.`ServiceItem`.`icon`, `main`.`ServiceItem`.`theme`, `main`.`ServiceItem`.`order` FROM `main`.`ServiceItem` WHERE `main`.`ServiceItem`.`categoryId` IN (?,?,?,?) ORDER BY `main`.`ServiceItem`.`order` ASC LIMIT ? OFFSET ?
 GET /api/config 200 in 25ms
prisma:query SELECT `main`.`ServiceCategory`.`id`, `main`.`ServiceCategory`.`labelEn`, `main`.`ServiceCategory`.`labelBn`, `main`.`ServiceCategory`.`order`, `main`.`ServiceCategory`.`isActive` FROM `main`.`ServiceCategory` WHERE 1=1 ORDER BY `main`.`ServiceCategory`.`order` ASC LIMIT ? OFFSET ?
prisma:query SELECT `main`.`ServiceItem`.`id`, `main`.`ServiceItem`.`categoryId`, `main`.`ServiceItem`.`titleEn`, `main`.`ServiceItem`.`titleBn`, `main`.`ServiceItem`.`descEn`, `main`.`ServiceItem`.`descBn`, `main`.`ServiceItem`.`icon`, `main`.`ServiceItem`.`theme`, `main`.`ServiceItem`.`order` FROM `main`.`ServiceItem` WHERE `main`.`ServiceItem`.`categoryId` IN (?,?,?,?) ORDER BY `main`.`ServiceItem`.`order` ASC LIMIT ? OFFSET ?
 GET /api/config 200 in 46ms
 ○ Compiling /api/casestudies ...
 ✓ Compiled /api/casestudies in 2.1s (4590 modules)
prisma:query SELECT `main`.`ServiceCategory`.`id`, `main`.`ServiceCategory`.`labelEn`, `main`.`ServiceCategory`.`labelBn`, `main`.`ServiceCategory`.`order`, `main`.`ServiceCategory`.`isActive` FROM `main`.`ServiceCategory` WHERE 1=1 ORDER BY `main`.`ServiceCategory`.`order` ASC LIMIT ? OFFSET ?
prisma:query SELECT `main`.`ServiceItem`.`id`, `main`.`ServiceItem`.`categoryId`, `main`.`ServiceItem`.`titleEn`, `main`.`ServiceItem`.`titleBn`, `main`.`ServiceItem`.`descEn`, `main`.`ServiceItem`.`descBn`, `main`.`ServiceItem`.`icon`, `main`.`ServiceItem`.`theme`, `main`.`ServiceItem`.`order` FROM `main`.`ServiceItem` WHERE `main`.`ServiceItem`.`categoryId` IN (?,?,?,?) ORDER BY `main`.`ServiceItem`.`order` ASC LIMIT ? OFFSET ?
prisma:query SELECT `main`.`CaseStudy`.`id`, `main`.`CaseStudy`.`titleEn`, `main`.`CaseStudy`.`titleBn`, `main`.`CaseStudy`.`clientEn`, `main`.`CaseStudy`.`clientBn`, `main`.`CaseStudy`.`categoryId`, `main`.`CaseStudy`.`summaryEn`, `main`.`CaseStudy`.`summaryBn`, `main`.`CaseStudy`.`metricsEn`, `main`.`CaseStudy`.`metricsBn`, `main`.`CaseStudy`.`challengeEn`, `main`.`CaseStudy`.`challengeBn`, `main`.`CaseStudy`.`solutionEn`, `main`.`CaseStudy`.`solutionBn`, `main`.`CaseStudy`.`img`, `main`.`CaseStudy`.`order`, `main`.`CaseStudy`.`isActive` FROM `main`.`CaseStudy` WHERE 1=1 ORDER BY `main`.`CaseStudy`.`order` ASC LIMIT ? OFFSET ?
 GET /api/config 200 in 2217ms
 GET /api/casestudies 200 in 2278ms
prisma:query SELECT `main`.`CaseStudy`.`id`, `main`.`CaseStudy`.`titleEn`, `main`.`CaseStudy`.`titleBn`, `main`.`CaseStudy`.`clientEn`, `main`.`CaseStudy`.`clientBn`, `main`.`CaseStudy`.`categoryId`, `main`.`CaseStudy`.`summaryEn`, `main`.`CaseStudy`.`summaryBn`, `main`.`CaseStudy`.`metricsEn`, `main`.`CaseStudy`.`metricsBn`, `main`.`CaseStudy`.`challengeEn`, `main`.`CaseStudy`.`challengeBn`, `main`.`CaseStudy`.`solutionEn`, `main`.`CaseStudy`.`solutionBn`, `main`.`CaseStudy`.`img`, `main`.`CaseStudy`.`order`, `main`.`CaseStudy`.`isActive` FROM `main`.`CaseStudy` WHERE 1=1 ORDER BY `main`.`CaseStudy`.`order` ASC LIMIT ? OFFSET ?
 GET /api/casestudies 200 in 30ms
 GET / 200 in 3071ms
 GET /favicon.ico 200 in 66ms
prisma:query SELECT 1
prisma:query SELECT `main`.`ServiceCategory`.`id`, `main`.`ServiceCategory`.`labelEn`, `main`.`ServiceCategory`.`labelBn`, `main`.`ServiceCategory`.`order`, `main`.`ServiceCategory`.`isActive` FROM `main`.`ServiceCategory` WHERE 1=1 ORDER BY `main`.`ServiceCategory`.`order` ASC LIMIT ? OFFSET ?
prisma:query SELECT `main`.`ServiceItem`.`id`, `main`.`ServiceItem`.`categoryId`, `main`.`ServiceItem`.`titleEn`, `main`.`ServiceItem`.`titleBn`, `main`.`ServiceItem`.`descEn`, `main`.`ServiceItem`.`descBn`, `main`.`ServiceItem`.`icon`, `main`.`ServiceItem`.`theme`, `main`.`ServiceItem`.`order` FROM `main`.`ServiceItem` WHERE `main`.`ServiceItem`.`categoryId` IN (?,?,?,?) ORDER BY `main`.`ServiceItem`.`order` ASC LIMIT ? OFFSET ?
 GET /api/config 200 in 46ms
prisma:query SELECT `main`.`ServiceCategory`.`id`, `main`.`ServiceCategory`.`labelEn`, `main`.`ServiceCategory`.`labelBn`, `main`.`ServiceCategory`.`order`, `main`.`ServiceCategory`.`isActive` FROM `main`.`ServiceCategory` WHERE 1=1 ORDER BY `main`.`ServiceCategory`.`order` ASC LIMIT ? OFFSET ?
prisma:query SELECT `main`.`ServiceItem`.`id`, `main`.`ServiceItem`.`categoryId`, `main`.`ServiceItem`.`titleEn`, `main`.`ServiceItem`.`titleBn`, `main`.`ServiceItem`.`descEn`, `main`.`ServiceItem`.`descBn`, `main`.`ServiceItem`.`icon`, `main`.`ServiceItem`.`theme`, `main`.`ServiceItem`.`order` FROM `main`.`ServiceItem` WHERE `main`.`ServiceItem`.`categoryId` IN (?,?,?,?) ORDER BY `main`.`ServiceItem`.`order` ASC LIMIT ? OFFSET ?
 GET /api/config 200 in 41ms
prisma:query SELECT `main`.`ServiceCategory`.`id`, `main`.`ServiceCategory`.`labelEn`, `main`.`ServiceCategory`.`labelBn`, `main`.`ServiceCategory`.`order`, `main`.`ServiceCategory`.`isActive` FROM `main`.`ServiceCategory` WHERE 1=1 ORDER BY `main`.`ServiceCategory`.`order` ASC LIMIT ? OFFSET ?
prisma:query SELECT `main`.`ServiceItem`.`id`, `main`.`ServiceItem`.`categoryId`, `main`.`ServiceItem`.`titleEn`, `main`.`ServiceItem`.`titleBn`, `main`.`ServiceItem`.`descEn`, `main`.`ServiceItem`.`descBn`, `main`.`ServiceItem`.`icon`, `main`.`ServiceItem`.`theme`, `main`.`ServiceItem`.`order` FROM `main`.`ServiceItem` WHERE `main`.`ServiceItem`.`categoryId` IN (?,?,?,?) ORDER BY `main`.`ServiceItem`.`order` ASC LIMIT ? OFFSET ?
 GET /api/config 200 in 34ms
prisma:query SELECT `main`.`ServiceCategory`.`id`, `main`.`ServiceCategory`.`labelEn`, `main`.`ServiceCategory`.`labelBn`, `main`.`ServiceCategory`.`order`, `main`.`ServiceCategory`.`isActive` FROM `main`.`ServiceCategory` WHERE 1=1 ORDER BY `main`.`ServiceCategory`.`order` ASC LIMIT ? OFFSET ?
prisma:query SELECT `main`.`ServiceItem`.`id`, `main`.`ServiceItem`.`categoryId`, `main`.`ServiceItem`.`titleEn`, `main`.`ServiceItem`.`titleBn`, `main`.`ServiceItem`.`descEn`, `main`.`ServiceItem`.`descBn`, `main`.`ServiceItem`.`icon`, `main`.`ServiceItem`.`theme`, `main`.`ServiceItem`.`order` FROM `main`.`ServiceItem` WHERE `main`.`ServiceItem`.`categoryId` IN (?,?,?,?) ORDER BY `main`.`ServiceItem`.`order` ASC LIMIT ? OFFSET ?
 GET /api/config 200 in 37ms
prisma:query SELECT `main`.`CaseStudy`.`id`, `main`.`CaseStudy`.`titleEn`, `main`.`CaseStudy`.`titleBn`, `main`.`CaseStudy`.`clientEn`, `main`.`CaseStudy`.`clientBn`, `main`.`CaseStudy`.`categoryId`, `main`.`CaseStudy`.`summaryEn`, `main`.`CaseStudy`.`summaryBn`, `main`.`CaseStudy`.`metricsEn`, `main`.`CaseStudy`.`metricsBn`, `main`.`CaseStudy`.`challengeEn`, `main`.`CaseStudy`.`challengeBn`, `main`.`CaseStudy`.`solutionEn`, `main`.`CaseStudy`.`solutionBn`, `main`.`CaseStudy`.`img`, `main`.`CaseStudy`.`order`, `main`.`CaseStudy`.`isActive` FROM `main`.`CaseStudy` WHERE 1=1 ORDER BY `main`.`CaseStudy`.`order` ASC LIMIT ? OFFSET ?
 GET /api/casestudies 200 in 37ms
prisma:query SELECT `main`.`CaseStudy`.`id`, `main`.`CaseStudy`.`titleEn`, `main`.`CaseStudy`.`titleBn`, `main`.`CaseStudy`.`clientEn`, `main`.`CaseStudy`.`clientBn`, `main`.`CaseStudy`.`categoryId`, `main`.`CaseStudy`.`summaryEn`, `main`.`CaseStudy`.`summaryBn`, `main`.`CaseStudy`.`metricsEn`, `main`.`CaseStudy`.`metricsBn`, `main`.`CaseStudy`.`challengeEn`, `main`.`CaseStudy`.`challengeBn`, `main`.`CaseStudy`.`solutionEn`, `main`.`CaseStudy`.`solutionBn`, `main`.`CaseStudy`.`img`, `main`.`CaseStudy`.`order`, `main`.`CaseStudy`.`isActive` FROM `main`.`CaseStudy` WHERE 1=1 ORDER BY `main`.`CaseStudy`.`order` ASC LIMIT ? OFFSET ?
 GET /api/casestudies 200 in 54ms
 GET / 200 in 2153ms
 GET /favicon.ico 200 in 26ms
prisma:query SELECT 1
prisma:query SELECT `main`.`ServiceCategory`.`id`, `main`.`ServiceCategory`.`labelEn`, `main`.`ServiceCategory`.`labelBn`, `main`.`ServiceCategory`.`order`, `main`.`ServiceCategory`.`isActive` FROM `main`.`ServiceCategory` WHERE 1=1 ORDER BY `main`.`ServiceCategory`.`order` ASC LIMIT ? OFFSET ?
prisma:query SELECT `main`.`ServiceItem`.`id`, `main`.`ServiceItem`.`categoryId`, `main`.`ServiceItem`.`titleEn`, `main`.`ServiceItem`.`titleBn`, `main`.`ServiceItem`.`descEn`, `main`.`ServiceItem`.`descBn`, `main`.`ServiceItem`.`icon`, `main`.`ServiceItem`.`theme`, `main`.`ServiceItem`.`order` FROM `main`.`ServiceItem` WHERE `main`.`ServiceItem`.`categoryId` IN (?,?,?,?) ORDER BY `main`.`ServiceItem`.`order` ASC LIMIT ? OFFSET ?
 GET /api/config 200 in 34ms
prisma:query SELECT `main`.`ServiceCategory`.`id`, `main`.`ServiceCategory`.`labelEn`, `main`.`ServiceCategory`.`labelBn`, `main`.`ServiceCategory`.`order`, `main`.`ServiceCategory`.`isActive` FROM `main`.`ServiceCategory` WHERE 1=1 ORDER BY `main`.`ServiceCategory`.`order` ASC LIMIT ? OFFSET ?
prisma:query SELECT `main`.`ServiceItem`.`id`, `main`.`ServiceItem`.`categoryId`, `main`.`ServiceItem`.`titleEn`, `main`.`ServiceItem`.`titleBn`, `main`.`ServiceItem`.`descEn`, `main`.`ServiceItem`.`descBn`, `main`.`ServiceItem`.`icon`, `main`.`ServiceItem`.`theme`, `main`.`ServiceItem`.`order` FROM `main`.`ServiceItem` WHERE `main`.`ServiceItem`.`categoryId` IN (?,?,?,?) ORDER BY `main`.`ServiceItem`.`order` ASC LIMIT ? OFFSET ?
 GET /api/config 200 in 25ms
prisma:query SELECT `main`.`ServiceCategory`.`id`, `main`.`ServiceCategory`.`labelEn`, `main`.`ServiceCategory`.`labelBn`, `main`.`ServiceCategory`.`order`, `main`.`ServiceCategory`.`isActive` FROM `main`.`ServiceCategory` WHERE 1=1 ORDER BY `main`.`ServiceCategory`.`order` ASC LIMIT ? OFFSET ?
prisma:query SELECT `main`.`ServiceItem`.`id`, `main`.`ServiceItem`.`categoryId`, `main`.`ServiceItem`.`titleEn`, `main`.`ServiceItem`.`titleBn`, `main`.`ServiceItem`.`descEn`, `main`.`ServiceItem`.`descBn`, `main`.`ServiceItem`.`icon`, `main`.`ServiceItem`.`theme`, `main`.`ServiceItem`.`order` FROM `main`.`ServiceItem` WHERE `main`.`ServiceItem`.`categoryId` IN (?,?,?,?) ORDER BY `main`.`ServiceItem`.`order` ASC LIMIT ? OFFSET ?
 GET /api/config 200 in 24ms
prisma:query SELECT `main`.`ServiceCategory`.`id`, `main`.`ServiceCategory`.`labelEn`, `main`.`ServiceCategory`.`labelBn`, `main`.`ServiceCategory`.`order`, `main`.`ServiceCategory`.`isActive` FROM `main`.`ServiceCategory` WHERE 1=1 ORDER BY `main`.`ServiceCategory`.`order` ASC LIMIT ? OFFSET ?
prisma:query SELECT `main`.`ServiceItem`.`id`, `main`.`ServiceItem`.`categoryId`, `main`.`ServiceItem`.`titleEn`, `main`.`ServiceItem`.`titleBn`, `main`.`ServiceItem`.`descEn`, `main`.`ServiceItem`.`descBn`, `main`.`ServiceItem`.`icon`, `main`.`ServiceItem`.`theme`, `main`.`ServiceItem`.`order` FROM `main`.`ServiceItem` WHERE `main`.`ServiceItem`.`categoryId` IN (?,?,?,?) ORDER BY `main`.`ServiceItem`.`order` ASC LIMIT ? OFFSET ?
 GET /api/config 200 in 28ms
prisma:query SELECT `main`.`CaseStudy`.`id`, `main`.`CaseStudy`.`titleEn`, `main`.`CaseStudy`.`titleBn`, `main`.`CaseStudy`.`clientEn`, `main`.`CaseStudy`.`clientBn`, `main`.`CaseStudy`.`categoryId`, `main`.`CaseStudy`.`summaryEn`, `main`.`CaseStudy`.`summaryBn`, `main`.`CaseStudy`.`metricsEn`, `main`.`CaseStudy`.`metricsBn`, `main`.`CaseStudy`.`challengeEn`, `main`.`CaseStudy`.`challengeBn`, `main`.`CaseStudy`.`solutionEn`, `main`.`CaseStudy`.`solutionBn`, `main`.`CaseStudy`.`img`, `main`.`CaseStudy`.`order`, `main`.`CaseStudy`.`isActive` FROM `main`.`CaseStudy` WHERE 1=1 ORDER BY `main`.`CaseStudy`.`order` ASC LIMIT ? OFFSET ?
 GET /api/casestudies 200 in 22ms
prisma:query SELECT `main`.`CaseStudy`.`id`, `main`.`CaseStudy`.`titleEn`, `main`.`CaseStudy`.`titleBn`, `main`.`CaseStudy`.`clientEn`, `main`.`CaseStudy`.`clientBn`, `main`.`CaseStudy`.`categoryId`, `main`.`CaseStudy`.`summaryEn`, `main`.`CaseStudy`.`summaryBn`, `main`.`CaseStudy`.`metricsEn`, `main`.`CaseStudy`.`metricsBn`, `main`.`CaseStudy`.`challengeEn`, `main`.`CaseStudy`.`challengeBn`, `main`.`CaseStudy`.`solutionEn`, `main`.`CaseStudy`.`solutionBn`, `main`.`CaseStudy`.`img`, `main`.`CaseStudy`.`order`, `main`.`CaseStudy`.`isActive` FROM `main`.`CaseStudy` WHERE 1=1 ORDER BY `main`.`CaseStudy`.`order` ASC LIMIT ? OFFSET ?
 GET /api/casestudies 200 in 22ms
 ✓ Compiled in 2.9s (4604 modules)
 GET / 200 in 175ms
prisma:query SELECT 1
prisma:query SELECT `main`.`ServiceCategory`.`id`, `main`.`ServiceCategory`.`labelEn`, `main`.`ServiceCategory`.`labelBn`, `main`.`ServiceCategory`.`order`, `main`.`ServiceCategory`.`isActive` FROM `main`.`ServiceCategory` WHERE 1=1 ORDER BY `main`.`ServiceCategory`.`order` ASC LIMIT ? OFFSET ?
prisma:query SELECT `main`.`ServiceItem`.`id`, `main`.`ServiceItem`.`categoryId`, `main`.`ServiceItem`.`titleEn`, `main`.`ServiceItem`.`titleBn`, `main`.`ServiceItem`.`descEn`, `main`.`ServiceItem`.`descBn`, `main`.`ServiceItem`.`icon`, `main`.`ServiceItem`.`theme`, `main`.`ServiceItem`.`order` FROM `main`.`ServiceItem` WHERE `main`.`ServiceItem`.`categoryId` IN (?,?,?,?) ORDER BY `main`.`ServiceItem`.`order` ASC LIMIT ? OFFSET ?
 GET /api/config 200 in 31ms
 GET / 200 in 1494ms
 GET / 200 in 874ms
 GET /favicon.ico 200 in 18ms
prisma:query SELECT 1
prisma:query SELECT `main`.`ServiceCategory`.`id`, `main`.`ServiceCategory`.`labelEn`, `main`.`ServiceCategory`.`labelBn`, `main`.`ServiceCategory`.`order`, `main`.`ServiceCategory`.`isActive` FROM `main`.`ServiceCategory` WHERE 1=1 ORDER BY `main`.`ServiceCategory`.`order` ASC LIMIT ? OFFSET ?
prisma:query SELECT `main`.`ServiceItem`.`id`, `main`.`ServiceItem`.`categoryId`, `main`.`ServiceItem`.`titleEn`, `main`.`ServiceItem`.`titleBn`, `main`.`ServiceItem`.`descEn`, `main`.`ServiceItem`.`descBn`, `main`.`ServiceItem`.`icon`, `main`.`ServiceItem`.`theme`, `main`.`ServiceItem`.`order` FROM `main`.`ServiceItem` WHERE `main`.`ServiceItem`.`categoryId` IN (?,?,?,?) ORDER BY `main`.`ServiceItem`.`order` ASC LIMIT ? OFFSET ?
 GET /api/config 200 in 14ms
prisma:query SELECT `main`.`ServiceCategory`.`id`, `main`.`ServiceCategory`.`labelEn`, `main`.`ServiceCategory`.`labelBn`, `main`.`ServiceCategory`.`order`, `main`.`ServiceCategory`.`isActive` FROM `main`.`ServiceCategory` WHERE 1=1 ORDER BY `main`.`ServiceCategory`.`order` ASC LIMIT ? OFFSET ?
prisma:query SELECT `main`.`ServiceItem`.`id`, `main`.`ServiceItem`.`categoryId`, `main`.`ServiceItem`.`titleEn`, `main`.`ServiceItem`.`titleBn`, `main`.`ServiceItem`.`descEn`, `main`.`ServiceItem`.`descBn`, `main`.`ServiceItem`.`icon`, `main`.`ServiceItem`.`theme`, `main`.`ServiceItem`.`order` FROM `main`.`ServiceItem` WHERE `main`.`ServiceItem`.`categoryId` IN (?,?,?,?) ORDER BY `main`.`ServiceItem`.`order` ASC LIMIT ? OFFSET ?
 GET /api/config 200 in 13ms
prisma:query SELECT `main`.`ServiceCategory`.`id`, `main`.`ServiceCategory`.`labelEn`, `main`.`ServiceCategory`.`labelBn`, `main`.`ServiceCategory`.`order`, `main`.`ServiceCategory`.`isActive` FROM `main`.`ServiceCategory` WHERE 1=1 ORDER BY `main`.`ServiceCategory`.`order` ASC LIMIT ? OFFSET ?
prisma:query SELECT `main`.`ServiceItem`.`id`, `main`.`ServiceItem`.`categoryId`, `main`.`ServiceItem`.`titleEn`, `main`.`ServiceItem`.`titleBn`, `main`.`ServiceItem`.`descEn`, `main`.`ServiceItem`.`descBn`, `main`.`ServiceItem`.`icon`, `main`.`ServiceItem`.`theme`, `main`.`ServiceItem`.`order` FROM `main`.`ServiceItem` WHERE `main`.`ServiceItem`.`categoryId` IN (?,?,?,?) ORDER BY `main`.`ServiceItem`.`order` ASC LIMIT ? OFFSET ?
 GET /api/config 200 in 13ms
prisma:query SELECT `main`.`ServiceCategory`.`id`, `main`.`ServiceCategory`.`labelEn`, `main`.`ServiceCategory`.`labelBn`, `main`.`ServiceCategory`.`order`, `main`.`ServiceCategory`.`isActive` FROM `main`.`ServiceCategory` WHERE 1=1 ORDER BY `main`.`ServiceCategory`.`order` ASC LIMIT ? OFFSET ?
prisma:query SELECT `main`.`ServiceItem`.`id`, `main`.`ServiceItem`.`categoryId`, `main`.`ServiceItem`.`titleEn`, `main`.`ServiceItem`.`titleBn`, `main`.`ServiceItem`.`descEn`, `main`.`ServiceItem`.`descBn`, `main`.`ServiceItem`.`icon`, `main`.`ServiceItem`.`theme`, `main`.`ServiceItem`.`order` FROM `main`.`ServiceItem` WHERE `main`.`ServiceItem`.`categoryId` IN (?,?,?,?) ORDER BY `main`.`ServiceItem`.`order` ASC LIMIT ? OFFSET ?
 GET /api/config 200 in 15ms
prisma:query SELECT `main`.`CaseStudy`.`id`, `main`.`CaseStudy`.`titleEn`, `main`.`CaseStudy`.`titleBn`, `main`.`CaseStudy`.`clientEn`, `main`.`CaseStudy`.`clientBn`, `main`.`CaseStudy`.`categoryId`, `main`.`CaseStudy`.`summaryEn`, `main`.`CaseStudy`.`summaryBn`, `main`.`CaseStudy`.`metricsEn`, `main`.`CaseStudy`.`metricsBn`, `main`.`CaseStudy`.`challengeEn`, `main`.`CaseStudy`.`challengeBn`, `main`.`CaseStudy`.`solutionEn`, `main`.`CaseStudy`.`solutionBn`, `main`.`CaseStudy`.`img`, `main`.`CaseStudy`.`order`, `main`.`CaseStudy`.`isActive` FROM `main`.`CaseStudy` WHERE 1=1 ORDER BY `main`.`CaseStudy`.`order` ASC LIMIT ? OFFSET ?
 GET /api/casestudies 200 in 25ms
prisma:query SELECT `main`.`CaseStudy`.`id`, `main`.`CaseStudy`.`titleEn`, `main`.`CaseStudy`.`titleBn`, `main`.`CaseStudy`.`clientEn`, `main`.`CaseStudy`.`clientBn`, `main`.`CaseStudy`.`categoryId`, `main`.`CaseStudy`.`summaryEn`, `main`.`CaseStudy`.`summaryBn`, `main`.`CaseStudy`.`metricsEn`, `main`.`CaseStudy`.`metricsBn`, `main`.`CaseStudy`.`challengeEn`, `main`.`CaseStudy`.`challengeBn`, `main`.`CaseStudy`.`solutionEn`, `main`.`CaseStudy`.`solutionBn`, `main`.`CaseStudy`.`img`, `main`.`CaseStudy`.`order`, `main`.`CaseStudy`.`isActive` FROM `main`.`CaseStudy` WHERE 1=1 ORDER BY `main`.`CaseStudy`.`order` ASC LIMIT ? OFFSET ?
 GET /api/casestudies 200 in 13ms
 ✓ Compiled in 5.3s (4604 modules)
 GET / 200 in 218ms
 GET / 200 in 1656ms
 GET / 200 in 770ms
 GET /favicon.ico 200 in 30ms
prisma:query SELECT 1
prisma:query SELECT `main`.`ServiceCategory`.`id`, `main`.`ServiceCategory`.`labelEn`, `main`.`ServiceCategory`.`labelBn`, `main`.`ServiceCategory`.`order`, `main`.`ServiceCategory`.`isActive` FROM `main`.`ServiceCategory` WHERE 1=1 ORDER BY `main`.`ServiceCategory`.`order` ASC LIMIT ? OFFSET ?
prisma:query SELECT `main`.`ServiceItem`.`id`, `main`.`ServiceItem`.`categoryId`, `main`.`ServiceItem`.`titleEn`, `main`.`ServiceItem`.`titleBn`, `main`.`ServiceItem`.`descEn`, `main`.`ServiceItem`.`descBn`, `main`.`ServiceItem`.`icon`, `main`.`ServiceItem`.`theme`, `main`.`ServiceItem`.`order` FROM `main`.`ServiceItem` WHERE `main`.`ServiceItem`.`categoryId` IN (?,?,?,?) ORDER BY `main`.`ServiceItem`.`order` ASC LIMIT ? OFFSET ?
 GET /api/config 200 in 19ms
prisma:query SELECT `main`.`ServiceCategory`.`id`, `main`.`ServiceCategory`.`labelEn`, `main`.`ServiceCategory`.`labelBn`, `main`.`ServiceCategory`.`order`, `main`.`ServiceCategory`.`isActive` FROM `main`.`ServiceCategory` WHERE 1=1 ORDER BY `main`.`ServiceCategory`.`order` ASC LIMIT ? OFFSET ?
prisma:query SELECT `main`.`ServiceItem`.`id`, `main`.`ServiceItem`.`categoryId`, `main`.`ServiceItem`.`titleEn`, `main`.`ServiceItem`.`titleBn`, `main`.`ServiceItem`.`descEn`, `main`.`ServiceItem`.`descBn`, `main`.`ServiceItem`.`icon`, `main`.`ServiceItem`.`theme`, `main`.`ServiceItem`.`order` FROM `main`.`ServiceItem` WHERE `main`.`ServiceItem`.`categoryId` IN (?,?,?,?) ORDER BY `main`.`ServiceItem`.`order` ASC LIMIT ? OFFSET ?
 GET /api/config 200 in 12ms
prisma:query SELECT `main`.`ServiceCategory`.`id`, `main`.`ServiceCategory`.`labelEn`, `main`.`ServiceCategory`.`labelBn`, `main`.`ServiceCategory`.`order`, `main`.`ServiceCategory`.`isActive` FROM `main`.`ServiceCategory` WHERE 1=1 ORDER BY `main`.`ServiceCategory`.`order` ASC LIMIT ? OFFSET ?
prisma:query SELECT `main`.`ServiceItem`.`id`, `main`.`ServiceItem`.`categoryId`, `main`.`ServiceItem`.`titleEn`, `main`.`ServiceItem`.`titleBn`, `main`.`ServiceItem`.`descEn`, `main`.`ServiceItem`.`descBn`, `main`.`ServiceItem`.`icon`, `main`.`ServiceItem`.`theme`, `main`.`ServiceItem`.`order` FROM `main`.`ServiceItem` WHERE `main`.`ServiceItem`.`categoryId` IN (?,?,?,?) ORDER BY `main`.`ServiceItem`.`order` ASC LIMIT ? OFFSET ?
 GET /api/config 200 in 11ms
prisma:query SELECT `main`.`ServiceCategory`.`id`, `main`.`ServiceCategory`.`labelEn`, `main`.`ServiceCategory`.`labelBn`, `main`.`ServiceCategory`.`order`, `main`.`ServiceCategory`.`isActive` FROM `main`.`ServiceCategory` WHERE 1=1 ORDER BY `main`.`ServiceCategory`.`order` ASC LIMIT ? OFFSET ?
prisma:query SELECT `main`.`ServiceItem`.`id`, `main`.`ServiceItem`.`categoryId`, `main`.`ServiceItem`.`titleEn`, `main`.`ServiceItem`.`titleBn`, `main`.`ServiceItem`.`descEn`, `main`.`ServiceItem`.`descBn`, `main`.`ServiceItem`.`icon`, `main`.`ServiceItem`.`theme`, `main`.`ServiceItem`.`order` FROM `main`.`ServiceItem` WHERE `main`.`ServiceItem`.`categoryId` IN (?,?,?,?) ORDER BY `main`.`ServiceItem`.`order` ASC LIMIT ? OFFSET ?
 GET /api/config 200 in 13ms
prisma:query SELECT `main`.`CaseStudy`.`id`, `main`.`CaseStudy`.`titleEn`, `main`.`CaseStudy`.`titleBn`, `main`.`CaseStudy`.`clientEn`, `main`.`CaseStudy`.`clientBn`, `main`.`CaseStudy`.`categoryId`, `main`.`CaseStudy`.`summaryEn`, `main`.`CaseStudy`.`summaryBn`, `main`.`CaseStudy`.`metricsEn`, `main`.`CaseStudy`.`metricsBn`, `main`.`CaseStudy`.`challengeEn`, `main`.`CaseStudy`.`challengeBn`, `main`.`CaseStudy`.`solutionEn`, `main`.`CaseStudy`.`solutionBn`, `main`.`CaseStudy`.`img`, `main`.`CaseStudy`.`order`, `main`.`CaseStudy`.`isActive` FROM `main`.`CaseStudy` WHERE 1=1 ORDER BY `main`.`CaseStudy`.`order` ASC LIMIT ? OFFSET ?
 GET /api/casestudies 200 in 19ms
prisma:query SELECT `main`.`CaseStudy`.`id`, `main`.`CaseStudy`.`titleEn`, `main`.`CaseStudy`.`titleBn`, `main`.`CaseStudy`.`clientEn`, `main`.`CaseStudy`.`clientBn`, `main`.`CaseStudy`.`categoryId`, `main`.`CaseStudy`.`summaryEn`, `main`.`CaseStudy`.`summaryBn`, `main`.`CaseStudy`.`metricsEn`, `main`.`CaseStudy`.`metricsBn`, `main`.`CaseStudy`.`challengeEn`, `main`.`CaseStudy`.`challengeBn`, `main`.`CaseStudy`.`solutionEn`, `main`.`CaseStudy`.`solutionBn`, `main`.`CaseStudy`.`img`, `main`.`CaseStudy`.`order`, `main`.`CaseStudy`.`isActive` FROM `main`.`CaseStudy` WHERE 1=1 ORDER BY `main`.`CaseStudy`.`order` ASC LIMIT ? OFFSET ?
 GET /api/casestudies 200 in 17ms
 ✓ Compiled in 1650ms (4604 modules)
 GET / 200 in 205ms
 GET / 200 in 2063ms
 GET /favicon.ico 200 in 33ms
prisma:query SELECT 1
prisma:query SELECT `main`.`ServiceCategory`.`id`, `main`.`ServiceCategory`.`labelEn`, `main`.`ServiceCategory`.`labelBn`, `main`.`ServiceCategory`.`order`, `main`.`ServiceCategory`.`isActive` FROM `main`.`ServiceCategory` WHERE 1=1 ORDER BY `main`.`ServiceCategory`.`order` ASC LIMIT ? OFFSET ?
prisma:query SELECT `main`.`ServiceItem`.`id`, `main`.`ServiceItem`.`categoryId`, `main`.`ServiceItem`.`titleEn`, `main`.`ServiceItem`.`titleBn`, `main`.`ServiceItem`.`descEn`, `main`.`ServiceItem`.`descBn`, `main`.`ServiceItem`.`icon`, `main`.`ServiceItem`.`theme`, `main`.`ServiceItem`.`order` FROM `main`.`ServiceItem` WHERE `main`.`ServiceItem`.`categoryId` IN (?,?,?,?) ORDER BY `main`.`ServiceItem`.`order` ASC LIMIT ? OFFSET ?
 GET /api/config 200 in 29ms
prisma:query SELECT `main`.`ServiceCategory`.`id`, `main`.`ServiceCategory`.`labelEn`, `main`.`ServiceCategory`.`labelBn`, `main`.`ServiceCategory`.`order`, `main`.`ServiceCategory`.`isActive` FROM `main`.`ServiceCategory` WHERE 1=1 ORDER BY `main`.`ServiceCategory`.`order` ASC LIMIT ? OFFSET ?
prisma:query SELECT `main`.`ServiceItem`.`id`, `main`.`ServiceItem`.`categoryId`, `main`.`ServiceItem`.`titleEn`, `main`.`ServiceItem`.`titleBn`, `main`.`ServiceItem`.`descEn`, `main`.`ServiceItem`.`descBn`, `main`.`ServiceItem`.`icon`, `main`.`ServiceItem`.`theme`, `main`.`ServiceItem`.`order` FROM `main`.`ServiceItem` WHERE `main`.`ServiceItem`.`categoryId` IN (?,?,?,?) ORDER BY `main`.`ServiceItem`.`order` ASC LIMIT ? OFFSET ?
 GET /api/config 200 in 17ms
prisma:query SELECT `main`.`ServiceCategory`.`id`, `main`.`ServiceCategory`.`labelEn`, `main`.`ServiceCategory`.`labelBn`, `main`.`ServiceCategory`.`order`, `main`.`ServiceCategory`.`isActive` FROM `main`.`ServiceCategory` WHERE 1=1 ORDER BY `main`.`ServiceCategory`.`order` ASC LIMIT ? OFFSET ?
prisma:query SELECT `main`.`ServiceItem`.`id`, `main`.`ServiceItem`.`categoryId`, `main`.`ServiceItem`.`titleEn`, `main`.`ServiceItem`.`titleBn`, `main`.`ServiceItem`.`descEn`, `main`.`ServiceItem`.`descBn`, `main`.`ServiceItem`.`icon`, `main`.`ServiceItem`.`theme`, `main`.`ServiceItem`.`order` FROM `main`.`ServiceItem` WHERE `main`.`ServiceItem`.`categoryId` IN (?,?,?,?) ORDER BY `main`.`ServiceItem`.`order` ASC LIMIT ? OFFSET ?
 GET /api/config 200 in 28ms
prisma:query SELECT `main`.`CaseStudy`.`id`, `main`.`CaseStudy`.`titleEn`, `main`.`CaseStudy`.`titleBn`, `main`.`CaseStudy`.`clientEn`, `main`.`CaseStudy`.`clientBn`, `main`.`CaseStudy`.`categoryId`, `main`.`CaseStudy`.`summaryEn`, `main`.`CaseStudy`.`summaryBn`, `main`.`CaseStudy`.`metricsEn`, `main`.`CaseStudy`.`metricsBn`, `main`.`CaseStudy`.`challengeEn`, `main`.`CaseStudy`.`challengeBn`, `main`.`CaseStudy`.`solutionEn`, `main`.`CaseStudy`.`solutionBn`, `main`.`CaseStudy`.`img`, `main`.`CaseStudy`.`order`, `main`.`CaseStudy`.`isActive` FROM `main`.`CaseStudy` WHERE 1=1 ORDER BY `main`.`CaseStudy`.`order` ASC LIMIT ? OFFSET ?
 GET /api/casestudies 200 in 31ms
prisma:query SELECT `main`.`ServiceCategory`.`id`, `main`.`ServiceCategory`.`labelEn`, `main`.`ServiceCategory`.`labelBn`, `main`.`ServiceCategory`.`order`, `main`.`ServiceCategory`.`isActive` FROM `main`.`ServiceCategory` WHERE 1=1 ORDER BY `main`.`ServiceCategory`.`order` ASC LIMIT ? OFFSET ?
prisma:query SELECT `main`.`ServiceItem`.`id`, `main`.`ServiceItem`.`categoryId`, `main`.`ServiceItem`.`titleEn`, `main`.`ServiceItem`.`titleBn`, `main`.`ServiceItem`.`descEn`, `main`.`ServiceItem`.`descBn`, `main`.`ServiceItem`.`icon`, `main`.`ServiceItem`.`theme`, `main`.`ServiceItem`.`order` FROM `main`.`ServiceItem` WHERE `main`.`ServiceItem`.`categoryId` IN (?,?,?,?) ORDER BY `main`.`ServiceItem`.`order` ASC LIMIT ? OFFSET ?
 GET /api/config 200 in 34ms
prisma:query SELECT `main`.`CaseStudy`.`id`, `main`.`CaseStudy`.`titleEn`, `main`.`CaseStudy`.`titleBn`, `main`.`CaseStudy`.`clientEn`, `main`.`CaseStudy`.`clientBn`, `main`.`CaseStudy`.`categoryId`, `main`.`CaseStudy`.`summaryEn`, `main`.`CaseStudy`.`summaryBn`, `main`.`CaseStudy`.`metricsEn`, `main`.`CaseStudy`.`metricsBn`, `main`.`CaseStudy`.`challengeEn`, `main`.`CaseStudy`.`challengeBn`, `main`.`CaseStudy`.`solutionEn`, `main`.`CaseStudy`.`solutionBn`, `main`.`CaseStudy`.`img`, `main`.`CaseStudy`.`order`, `main`.`CaseStudy`.`isActive` FROM `main`.`CaseStudy` WHERE 1=1 ORDER BY `main`.`CaseStudy`.`order` ASC LIMIT ? OFFSET ?
 GET /api/casestudies 200 in 13ms
 ✓ Compiled in 6.5s (4604 modules)
 GET / 200 in 299ms
 GET / 200 in 3454ms
 GET / 200 in 1562ms
 GET /favicon.ico 200 in 46ms
prisma:query SELECT 1
prisma:query SELECT `main`.`ServiceCategory`.`id`, `main`.`ServiceCategory`.`labelEn`, `main`.`ServiceCategory`.`labelBn`, `main`.`ServiceCategory`.`order`, `main`.`ServiceCategory`.`isActive` FROM `main`.`ServiceCategory` WHERE 1=1 ORDER BY `main`.`ServiceCategory`.`order` ASC LIMIT ? OFFSET ?
prisma:query SELECT `main`.`ServiceItem`.`id`, `main`.`ServiceItem`.`categoryId`, `main`.`ServiceItem`.`titleEn`, `main`.`ServiceItem`.`titleBn`, `main`.`ServiceItem`.`descEn`, `main`.`ServiceItem`.`descBn`, `main`.`ServiceItem`.`icon`, `main`.`ServiceItem`.`theme`, `main`.`ServiceItem`.`order` FROM `main`.`ServiceItem` WHERE `main`.`ServiceItem`.`categoryId` IN (?,?,?,?) ORDER BY `main`.`ServiceItem`.`order` ASC LIMIT ? OFFSET ?
 GET /api/config 200 in 33ms
prisma:query SELECT `main`.`ServiceCategory`.`id`, `main`.`ServiceCategory`.`labelEn`, `main`.`ServiceCategory`.`labelBn`, `main`.`ServiceCategory`.`order`, `main`.`ServiceCategory`.`isActive` FROM `main`.`ServiceCategory` WHERE 1=1 ORDER BY `main`.`ServiceCategory`.`order` ASC LIMIT ? OFFSET ?
prisma:query SELECT `main`.`ServiceItem`.`id`, `main`.`ServiceItem`.`categoryId`, `main`.`ServiceItem`.`titleEn`, `main`.`ServiceItem`.`titleBn`, `main`.`ServiceItem`.`descEn`, `main`.`ServiceItem`.`descBn`, `main`.`ServiceItem`.`icon`, `main`.`ServiceItem`.`theme`, `main`.`ServiceItem`.`order` FROM `main`.`ServiceItem` WHERE `main`.`ServiceItem`.`categoryId` IN (?,?,?,?) ORDER BY `main`.`ServiceItem`.`order` ASC LIMIT ? OFFSET ?
 GET /api/config 200 in 19ms
prisma:query SELECT `main`.`ServiceCategory`.`id`, `main`.`ServiceCategory`.`labelEn`, `main`.`ServiceCategory`.`labelBn`, `main`.`ServiceCategory`.`order`, `main`.`ServiceCategory`.`isActive` FROM `main`.`ServiceCategory` WHERE 1=1 ORDER BY `main`.`ServiceCategory`.`order` ASC LIMIT ? OFFSET ?
prisma:query SELECT `main`.`ServiceItem`.`id`, `main`.`ServiceItem`.`categoryId`, `main`.`ServiceItem`.`titleEn`, `main`.`ServiceItem`.`titleBn`, `main`.`ServiceItem`.`descEn`, `main`.`ServiceItem`.`descBn`, `main`.`ServiceItem`.`icon`, `main`.`ServiceItem`.`theme`, `main`.`ServiceItem`.`order` FROM `main`.`ServiceItem` WHERE `main`.`ServiceItem`.`categoryId` IN (?,?,?,?) ORDER BY `main`.`ServiceItem`.`order` ASC LIMIT ? OFFSET ?
 GET /api/config 200 in 22ms
prisma:query SELECT `main`.`ServiceCategory`.`id`, `main`.`ServiceCategory`.`labelEn`, `main`.`ServiceCategory`.`labelBn`, `main`.`ServiceCategory`.`order`, `main`.`ServiceCategory`.`isActive` FROM `main`.`ServiceCategory` WHERE 1=1 ORDER BY `main`.`ServiceCategory`.`order` ASC LIMIT ? OFFSET ?
prisma:query SELECT `main`.`ServiceItem`.`id`, `main`.`ServiceItem`.`categoryId`, `main`.`ServiceItem`.`titleEn`, `main`.`ServiceItem`.`titleBn`, `main`.`ServiceItem`.`descEn`, `main`.`ServiceItem`.`descBn`, `main`.`ServiceItem`.`icon`, `main`.`ServiceItem`.`theme`, `main`.`ServiceItem`.`order` FROM `main`.`ServiceItem` WHERE `main`.`ServiceItem`.`categoryId` IN (?,?,?,?) ORDER BY `main`.`ServiceItem`.`order` ASC LIMIT ? OFFSET ?
 GET /api/config 200 in 19ms
prisma:query SELECT `main`.`CaseStudy`.`id`, `main`.`CaseStudy`.`titleEn`, `main`.`CaseStudy`.`titleBn`, `main`.`CaseStudy`.`clientEn`, `main`.`CaseStudy`.`clientBn`, `main`.`CaseStudy`.`categoryId`, `main`.`CaseStudy`.`summaryEn`, `main`.`CaseStudy`.`summaryBn`, `main`.`CaseStudy`.`metricsEn`, `main`.`CaseStudy`.`metricsBn`, `main`.`CaseStudy`.`challengeEn`, `main`.`CaseStudy`.`challengeBn`, `main`.`CaseStudy`.`solutionEn`, `main`.`CaseStudy`.`solutionBn`, `main`.`CaseStudy`.`img`, `main`.`CaseStudy`.`order`, `main`.`CaseStudy`.`isActive` FROM `main`.`CaseStudy` WHERE 1=1 ORDER BY `main`.`CaseStudy`.`order` ASC LIMIT ? OFFSET ?
 GET /api/casestudies 200 in 30ms
prisma:query SELECT `main`.`CaseStudy`.`id`, `main`.`CaseStudy`.`titleEn`, `main`.`CaseStudy`.`titleBn`, `main`.`CaseStudy`.`clientEn`, `main`.`CaseStudy`.`clientBn`, `main`.`CaseStudy`.`categoryId`, `main`.`CaseStudy`.`summaryEn`, `main`.`CaseStudy`.`summaryBn`, `main`.`CaseStudy`.`metricsEn`, `main`.`CaseStudy`.`metricsBn`, `main`.`CaseStudy`.`challengeEn`, `main`.`CaseStudy`.`challengeBn`, `main`.`CaseStudy`.`solutionEn`, `main`.`CaseStudy`.`solutionBn`, `main`.`CaseStudy`.`img`, `main`.`CaseStudy`.`order`, `main`.`CaseStudy`.`isActive` FROM `main`.`CaseStudy` WHERE 1=1 ORDER BY `main`.`CaseStudy`.`order` ASC LIMIT ? OFFSET ?
 GET /api/casestudies 200 in 17ms
 GET / 200 in 1159ms
prisma:query SELECT 1
prisma:query SELECT `main`.`ServiceCategory`.`id`, `main`.`ServiceCategory`.`labelEn`, `main`.`ServiceCategory`.`labelBn`, `main`.`ServiceCategory`.`order`, `main`.`ServiceCategory`.`isActive` FROM `main`.`ServiceCategory` WHERE 1=1 ORDER BY `main`.`ServiceCategory`.`order` ASC LIMIT ? OFFSET ?
prisma:query SELECT `main`.`ServiceItem`.`id`, `main`.`ServiceItem`.`categoryId`, `main`.`ServiceItem`.`titleEn`, `main`.`ServiceItem`.`titleBn`, `main`.`ServiceItem`.`descEn`, `main`.`ServiceItem`.`descBn`, `main`.`ServiceItem`.`icon`, `main`.`ServiceItem`.`theme`, `main`.`ServiceItem`.`order` FROM `main`.`ServiceItem` WHERE `main`.`ServiceItem`.`categoryId` IN (?,?,?,?) ORDER BY `main`.`ServiceItem`.`order` ASC LIMIT ? OFFSET ?
 GET /api/config 200 in 23ms
prisma:query SELECT `main`.`ServiceCategory`.`id`, `main`.`ServiceCategory`.`labelEn`, `main`.`ServiceCategory`.`labelBn`, `main`.`ServiceCategory`.`order`, `main`.`ServiceCategory`.`isActive` FROM `main`.`ServiceCategory` WHERE 1=1 ORDER BY `main`.`ServiceCategory`.`order` ASC LIMIT ? OFFSET ?
prisma:query SELECT `main`.`ServiceItem`.`id`, `main`.`ServiceItem`.`categoryId`, `main`.`ServiceItem`.`titleEn`, `main`.`ServiceItem`.`titleBn`, `main`.`ServiceItem`.`descEn`, `main`.`ServiceItem`.`descBn`, `main`.`ServiceItem`.`icon`, `main`.`ServiceItem`.`theme`, `main`.`ServiceItem`.`order` FROM `main`.`ServiceItem` WHERE `main`.`ServiceItem`.`categoryId` IN (?,?,?,?) ORDER BY `main`.`ServiceItem`.`order` ASC LIMIT ? OFFSET ?
 GET /api/config 200 in 17ms
prisma:query SELECT `main`.`ServiceCategory`.`id`, `main`.`ServiceCategory`.`labelEn`, `main`.`ServiceCategory`.`labelBn`, `main`.`ServiceCategory`.`order`, `main`.`ServiceCategory`.`isActive` FROM `main`.`ServiceCategory` WHERE 1=1 ORDER BY `main`.`ServiceCategory`.`order` ASC LIMIT ? OFFSET ?
prisma:query SELECT `main`.`ServiceItem`.`id`, `main`.`ServiceItem`.`categoryId`, `main`.`ServiceItem`.`titleEn`, `main`.`ServiceItem`.`titleBn`, `main`.`ServiceItem`.`descEn`, `main`.`ServiceItem`.`descBn`, `main`.`ServiceItem`.`icon`, `main`.`ServiceItem`.`theme`, `main`.`ServiceItem`.`order` FROM `main`.`ServiceItem` WHERE `main`.`ServiceItem`.`categoryId` IN (?,?,?,?) ORDER BY `main`.`ServiceItem`.`order` ASC LIMIT ? OFFSET ?
 GET /api/config 200 in 19ms
prisma:query SELECT `main`.`ServiceCategory`.`id`, `main`.`ServiceCategory`.`labelEn`, `main`.`ServiceCategory`.`labelBn`, `main`.`ServiceCategory`.`order`, `main`.`ServiceCategory`.`isActive` FROM `main`.`ServiceCategory` WHERE 1=1 ORDER BY `main`.`ServiceCategory`.`order` ASC LIMIT ? OFFSET ?
prisma:query SELECT `main`.`ServiceItem`.`id`, `main`.`ServiceItem`.`categoryId`, `main`.`ServiceItem`.`titleEn`, `main`.`ServiceItem`.`titleBn`, `main`.`ServiceItem`.`descEn`, `main`.`ServiceItem`.`descBn`, `main`.`ServiceItem`.`icon`, `main`.`ServiceItem`.`theme`, `main`.`ServiceItem`.`order` FROM `main`.`ServiceItem` WHERE `main`.`ServiceItem`.`categoryId` IN (?,?,?,?) ORDER BY `main`.`ServiceItem`.`order` ASC LIMIT ? OFFSET ?
 GET /api/config 200 in 19ms
prisma:query SELECT `main`.`CaseStudy`.`id`, `main`.`CaseStudy`.`titleEn`, `main`.`CaseStudy`.`titleBn`, `main`.`CaseStudy`.`clientEn`, `main`.`CaseStudy`.`clientBn`, `main`.`CaseStudy`.`categoryId`, `main`.`CaseStudy`.`summaryEn`, `main`.`CaseStudy`.`summaryBn`, `main`.`CaseStudy`.`metricsEn`, `main`.`CaseStudy`.`metricsBn`, `main`.`CaseStudy`.`challengeEn`, `main`.`CaseStudy`.`challengeBn`, `main`.`CaseStudy`.`solutionEn`, `main`.`CaseStudy`.`solutionBn`, `main`.`CaseStudy`.`img`, `main`.`CaseStudy`.`order`, `main`.`CaseStudy`.`isActive` FROM `main`.`CaseStudy` WHERE 1=1 ORDER BY `main`.`CaseStudy`.`order` ASC LIMIT ? OFFSET ?
 GET /api/casestudies 200 in 17ms
prisma:query SELECT `main`.`CaseStudy`.`id`, `main`.`CaseStudy`.`titleEn`, `main`.`CaseStudy`.`titleBn`, `main`.`CaseStudy`.`clientEn`, `main`.`CaseStudy`.`clientBn`, `main`.`CaseStudy`.`categoryId`, `main`.`CaseStudy`.`summaryEn`, `main`.`CaseStudy`.`summaryBn`, `main`.`CaseStudy`.`metricsEn`, `main`.`CaseStudy`.`metricsBn`, `main`.`CaseStudy`.`challengeEn`, `main`.`CaseStudy`.`challengeBn`, `main`.`CaseStudy`.`solutionEn`, `main`.`CaseStudy`.`solutionBn`, `main`.`CaseStudy`.`img`, `main`.`CaseStudy`.`order`, `main`.`CaseStudy`.`isActive` FROM `main`.`CaseStudy` WHERE 1=1 ORDER BY `main`.`CaseStudy`.`order` ASC LIMIT ? OFFSET ?
 GET /api/casestudies 200 in 14ms
 GET / 200 in 2666ms
 GET / 200 in 2077ms
prisma:query SELECT 1
prisma:query SELECT `main`.`ServiceCategory`.`id`, `main`.`ServiceCategory`.`labelEn`, `main`.`ServiceCategory`.`labelBn`, `main`.`ServiceCategory`.`order`, `main`.`ServiceCategory`.`isActive` FROM `main`.`ServiceCategory` WHERE 1=1 ORDER BY `main`.`ServiceCategory`.`order` ASC LIMIT ? OFFSET ?
prisma:query SELECT `main`.`ServiceItem`.`id`, `main`.`ServiceItem`.`categoryId`, `main`.`ServiceItem`.`titleEn`, `main`.`ServiceItem`.`titleBn`, `main`.`ServiceItem`.`descEn`, `main`.`ServiceItem`.`descBn`, `main`.`ServiceItem`.`icon`, `main`.`ServiceItem`.`theme`, `main`.`ServiceItem`.`order` FROM `main`.`ServiceItem` WHERE `main`.`ServiceItem`.`categoryId` IN (?,?,?,?) ORDER BY `main`.`ServiceItem`.`order` ASC LIMIT ? OFFSET ?
 GET /api/config 200 in 37ms
prisma:query SELECT `main`.`ServiceCategory`.`id`, `main`.`ServiceCategory`.`labelEn`, `main`.`ServiceCategory`.`labelBn`, `main`.`ServiceCategory`.`order`, `main`.`ServiceCategory`.`isActive` FROM `main`.`ServiceCategory` WHERE 1=1 ORDER BY `main`.`ServiceCategory`.`order` ASC LIMIT ? OFFSET ?
prisma:query SELECT `main`.`ServiceItem`.`id`, `main`.`ServiceItem`.`categoryId`, `main`.`ServiceItem`.`titleEn`, `main`.`ServiceItem`.`titleBn`, `main`.`ServiceItem`.`descEn`, `main`.`ServiceItem`.`descBn`, `main`.`ServiceItem`.`icon`, `main`.`ServiceItem`.`theme`, `main`.`ServiceItem`.`order` FROM `main`.`ServiceItem` WHERE `main`.`ServiceItem`.`categoryId` IN (?,?,?,?) ORDER BY `main`.`ServiceItem`.`order` ASC LIMIT ? OFFSET ?
 GET /api/config 200 in 32ms
prisma:query SELECT `main`.`ServiceCategory`.`id`, `main`.`ServiceCategory`.`labelEn`, `main`.`ServiceCategory`.`labelBn`, `main`.`ServiceCategory`.`order`, `main`.`ServiceCategory`.`isActive` FROM `main`.`ServiceCategory` WHERE 1=1 ORDER BY `main`.`ServiceCategory`.`order` ASC LIMIT ? OFFSET ?
prisma:query SELECT `main`.`ServiceItem`.`id`, `main`.`ServiceItem`.`categoryId`, `main`.`ServiceItem`.`titleEn`, `main`.`ServiceItem`.`titleBn`, `main`.`ServiceItem`.`descEn`, `main`.`ServiceItem`.`descBn`, `main`.`ServiceItem`.`icon`, `main`.`ServiceItem`.`theme`, `main`.`ServiceItem`.`order` FROM `main`.`ServiceItem` WHERE `main`.`ServiceItem`.`categoryId` IN (?,?,?,?) ORDER BY `main`.`ServiceItem`.`order` ASC LIMIT ? OFFSET ?
 GET /api/config 200 in 39ms
prisma:query SELECT `main`.`ServiceCategory`.`id`, `main`.`ServiceCategory`.`labelEn`, `main`.`ServiceCategory`.`labelBn`, `main`.`ServiceCategory`.`order`, `main`.`ServiceCategory`.`isActive` FROM `main`.`ServiceCategory` WHERE 1=1 ORDER BY `main`.`ServiceCategory`.`order` ASC LIMIT ? OFFSET ?
prisma:query SELECT `main`.`ServiceItem`.`id`, `main`.`ServiceItem`.`categoryId`, `main`.`ServiceItem`.`titleEn`, `main`.`ServiceItem`.`titleBn`, `main`.`ServiceItem`.`descEn`, `main`.`ServiceItem`.`descBn`, `main`.`ServiceItem`.`icon`, `main`.`ServiceItem`.`theme`, `main`.`ServiceItem`.`order` FROM `main`.`ServiceItem` WHERE `main`.`ServiceItem`.`categoryId` IN (?,?,?,?) ORDER BY `main`.`ServiceItem`.`order` ASC LIMIT ? OFFSET ?
 GET /api/config 200 in 33ms
prisma:query SELECT `main`.`CaseStudy`.`id`, `main`.`CaseStudy`.`titleEn`, `main`.`CaseStudy`.`titleBn`, `main`.`CaseStudy`.`clientEn`, `main`.`CaseStudy`.`clientBn`, `main`.`CaseStudy`.`categoryId`, `main`.`CaseStudy`.`summaryEn`, `main`.`CaseStudy`.`summaryBn`, `main`.`CaseStudy`.`metricsEn`, `main`.`CaseStudy`.`metricsBn`, `main`.`CaseStudy`.`challengeEn`, `main`.`CaseStudy`.`challengeBn`, `main`.`CaseStudy`.`solutionEn`, `main`.`CaseStudy`.`solutionBn`, `main`.`CaseStudy`.`img`, `main`.`CaseStudy`.`order`, `main`.`CaseStudy`.`isActive` FROM `main`.`CaseStudy` WHERE 1=1 ORDER BY `main`.`CaseStudy`.`order` ASC LIMIT ? OFFSET ?
 GET /api/casestudies 200 in 28ms
prisma:query SELECT `main`.`CaseStudy`.`id`, `main`.`CaseStudy`.`titleEn`, `main`.`CaseStudy`.`titleBn`, `main`.`CaseStudy`.`clientEn`, `main`.`CaseStudy`.`clientBn`, `main`.`CaseStudy`.`categoryId`, `main`.`CaseStudy`.`summaryEn`, `main`.`CaseStudy`.`summaryBn`, `main`.`CaseStudy`.`metricsEn`, `main`.`CaseStudy`.`metricsBn`, `main`.`CaseStudy`.`challengeEn`, `main`.`CaseStudy`.`challengeBn`, `main`.`CaseStudy`.`solutionEn`, `main`.`CaseStudy`.`solutionBn`, `main`.`CaseStudy`.`img`, `main`.`CaseStudy`.`order`, `main`.`CaseStudy`.`isActive` FROM `main`.`CaseStudy` WHERE 1=1 ORDER BY `main`.`CaseStudy`.`order` ASC LIMIT ? OFFSET ?
 GET /api/casestudies 200 in 28ms
 GET / 200 in 3115ms
 ✓ Compiled /favicon.ico in 14.3s (4602 modules)
 ✓ Compiled in 1ms (2393 modules)
 ✓ Compiled in 1ms (2393 modules)
 ✓ Compiled in 0ms (2393 modules)
prisma:query SELECT 1
prisma:query SELECT `main`.`ServiceCategory`.`id`, `main`.`ServiceCategory`.`labelEn`, `main`.`ServiceCategory`.`labelBn`, `main`.`ServiceCategory`.`order`, `main`.`ServiceCategory`.`isActive` FROM `main`.`ServiceCategory` WHERE 1=1 ORDER BY `main`.`ServiceCategory`.`order` ASC LIMIT ? OFFSET ?
prisma:query SELECT `main`.`ServiceItem`.`id`, `main`.`ServiceItem`.`categoryId`, `main`.`ServiceItem`.`titleEn`, `main`.`ServiceItem`.`titleBn`, `main`.`ServiceItem`.`descEn`, `main`.`ServiceItem`.`descBn`, `main`.`ServiceItem`.`icon`, `main`.`ServiceItem`.`theme`, `main`.`ServiceItem`.`order` FROM `main`.`ServiceItem` WHERE `main`.`ServiceItem`.`categoryId` IN (?,?,?,?) ORDER BY `main`.`ServiceItem`.`order` ASC LIMIT ? OFFSET ?
prisma:query SELECT `main`.`ServiceCategory`.`id`, `main`.`ServiceCategory`.`labelEn`, `main`.`ServiceCategory`.`labelBn`, `main`.`ServiceCategory`.`order`, `main`.`ServiceCategory`.`isActive` FROM `main`.`ServiceCategory` WHERE 1=1 ORDER BY `main`.`ServiceCategory`.`order` ASC LIMIT ? OFFSET ?
prisma:query SELECT `main`.`ServiceItem`.`id`, `main`.`ServiceItem`.`categoryId`, `main`.`ServiceItem`.`titleEn`, `main`.`ServiceItem`.`titleBn`, `main`.`ServiceItem`.`descEn`, `main`.`ServiceItem`.`descBn`, `main`.`ServiceItem`.`icon`, `main`.`ServiceItem`.`theme`, `main`.`ServiceItem`.`order` FROM `main`.`ServiceItem` WHERE `main`.`ServiceItem`.`categoryId` IN (?,?,?,?) ORDER BY `main`.`ServiceItem`.`order` ASC LIMIT ? OFFSET ?
 GET /api/config 200 in 2783ms
 GET /api/config 200 in 2782ms
 ✓ Compiled in 0ms (2393 modules)
 GET /favicon.ico 200 in 5852ms
 GET / 200 in 5574ms
 GET / 200 in 5552ms
 GET / 200 in 5662ms
 ✓ Compiled in 1ms (2393 modules)
 ✓ Compiled in 2ms (2391 modules)
 ✓ Compiled in 2ms (2391 modules)
prisma:query SELECT `main`.`ServiceCategory`.`id`, `main`.`ServiceCategory`.`labelEn`, `main`.`ServiceCategory`.`labelBn`, `main`.`ServiceCategory`.`order`, `main`.`ServiceCategory`.`isActive` FROM `main`.`ServiceCategory` WHERE 1=1 ORDER BY `main`.`ServiceCategory`.`order` ASC LIMIT ? OFFSET ?
prisma:query SELECT `main`.`ServiceItem`.`id`, `main`.`ServiceItem`.`categoryId`, `main`.`ServiceItem`.`titleEn`, `main`.`ServiceItem`.`titleBn`, `main`.`ServiceItem`.`descEn`, `main`.`ServiceItem`.`descBn`, `main`.`ServiceItem`.`icon`, `main`.`ServiceItem`.`theme`, `main`.`ServiceItem`.`order` FROM `main`.`ServiceItem` WHERE `main`.`ServiceItem`.`categoryId` IN (?,?,?,?) ORDER BY `main`.`ServiceItem`.`order` ASC LIMIT ? OFFSET ?
prisma:query SELECT `main`.`ServiceCategory`.`id`, `main`.`ServiceCategory`.`labelEn`, `main`.`ServiceCategory`.`labelBn`, `main`.`ServiceCategory`.`order`, `main`.`ServiceCategory`.`isActive` FROM `main`.`ServiceCategory` WHERE 1=1 ORDER BY `main`.`ServiceCategory`.`order` ASC LIMIT ? OFFSET ?
prisma:query SELECT `main`.`ServiceItem`.`id`, `main`.`ServiceItem`.`categoryId`, `main`.`ServiceItem`.`titleEn`, `main`.`ServiceItem`.`titleBn`, `main`.`ServiceItem`.`descEn`, `main`.`ServiceItem`.`descBn`, `main`.`ServiceItem`.`icon`, `main`.`ServiceItem`.`theme`, `main`.`ServiceItem`.`order` FROM `main`.`ServiceItem` WHERE `main`.`ServiceItem`.`categoryId` IN (?,?,?,?) ORDER BY `main`.`ServiceItem`.`order` ASC LIMIT ? OFFSET ?
 GET /api/config 200 in 6557ms
 GET /api/config 200 in 6566ms
 ✓ Compiled /api/casestudies in 1ms (2391 modules)
 ✓ Compiled (2393 modules)
prisma:query SELECT `main`.`CaseStudy`.`id`, `main`.`CaseStudy`.`titleEn`, `main`.`CaseStudy`.`titleBn`, `main`.`CaseStudy`.`clientEn`, `main`.`CaseStudy`.`clientBn`, `main`.`CaseStudy`.`categoryId`, `main`.`CaseStudy`.`summaryEn`, `main`.`CaseStudy`.`summaryBn`, `main`.`CaseStudy`.`metricsEn`, `main`.`CaseStudy`.`metricsBn`, `main`.`CaseStudy`.`challengeEn`, `main`.`CaseStudy`.`challengeBn`, `main`.`CaseStudy`.`solutionEn`, `main`.`CaseStudy`.`solutionBn`, `main`.`CaseStudy`.`img`, `main`.`CaseStudy`.`order`, `main`.`CaseStudy`.`isActive` FROM `main`.`CaseStudy` WHERE 1=1 ORDER BY `main`.`CaseStudy`.`order` ASC LIMIT ? OFFSET ?
 GET /api/casestudies 200 in 1168ms
prisma:query SELECT `main`.`CaseStudy`.`id`, `main`.`CaseStudy`.`titleEn`, `main`.`CaseStudy`.`titleBn`, `main`.`CaseStudy`.`clientEn`, `main`.`CaseStudy`.`clientBn`, `main`.`CaseStudy`.`categoryId`, `main`.`CaseStudy`.`summaryEn`, `main`.`CaseStudy`.`summaryBn`, `main`.`CaseStudy`.`metricsEn`, `main`.`CaseStudy`.`metricsBn`, `main`.`CaseStudy`.`challengeEn`, `main`.`CaseStudy`.`challengeBn`, `main`.`CaseStudy`.`solutionEn`, `main`.`CaseStudy`.`solutionBn`, `main`.`CaseStudy`.`img`, `main`.`CaseStudy`.`order`, `main`.`CaseStudy`.`isActive` FROM `main`.`CaseStudy` WHERE 1=1 ORDER BY `main`.`CaseStudy`.`order` ASC LIMIT ? OFFSET ?
 GET /api/casestudies 200 in 1303ms
 GET /favicon.ico 200 in 26ms
prisma:query SELECT `main`.`ServiceCategory`.`id`, `main`.`ServiceCategory`.`labelEn`, `main`.`ServiceCategory`.`labelBn`, `main`.`ServiceCategory`.`order`, `main`.`ServiceCategory`.`isActive` FROM `main`.`ServiceCategory` WHERE 1=1 ORDER BY `main`.`ServiceCategory`.`order` ASC LIMIT ? OFFSET ?
prisma:query SELECT `main`.`ServiceItem`.`id`, `main`.`ServiceItem`.`categoryId`, `main`.`ServiceItem`.`titleEn`, `main`.`ServiceItem`.`titleBn`, `main`.`ServiceItem`.`descEn`, `main`.`ServiceItem`.`descBn`, `main`.`ServiceItem`.`icon`, `main`.`ServiceItem`.`theme`, `main`.`ServiceItem`.`order` FROM `main`.`ServiceItem` WHERE `main`.`ServiceItem`.`categoryId` IN (?,?,?,?) ORDER BY `main`.`ServiceItem`.`order` ASC LIMIT ? OFFSET ?
 GET /api/config 200 in 61ms
prisma:query SELECT `main`.`ServiceCategory`.`id`, `main`.`ServiceCategory`.`labelEn`, `main`.`ServiceCategory`.`labelBn`, `main`.`ServiceCategory`.`order`, `main`.`ServiceCategory`.`isActive` FROM `main`.`ServiceCategory` WHERE 1=1 ORDER BY `main`.`ServiceCategory`.`order` ASC LIMIT ? OFFSET ?
prisma:query SELECT `main`.`ServiceItem`.`id`, `main`.`ServiceItem`.`categoryId`, `main`.`ServiceItem`.`titleEn`, `main`.`ServiceItem`.`titleBn`, `main`.`ServiceItem`.`descEn`, `main`.`ServiceItem`.`descBn`, `main`.`ServiceItem`.`icon`, `main`.`ServiceItem`.`theme`, `main`.`ServiceItem`.`order` FROM `main`.`ServiceItem` WHERE `main`.`ServiceItem`.`categoryId` IN (?,?,?,?) ORDER BY `main`.`ServiceItem`.`order` ASC LIMIT ? OFFSET ?
 GET /api/config 200 in 31ms
prisma:query SELECT `main`.`ServiceCategory`.`id`, `main`.`ServiceCategory`.`labelEn`, `main`.`ServiceCategory`.`labelBn`, `main`.`ServiceCategory`.`order`, `main`.`ServiceCategory`.`isActive` FROM `main`.`ServiceCategory` WHERE 1=1 ORDER BY `main`.`ServiceCategory`.`order` ASC LIMIT ? OFFSET ?
prisma:query SELECT `main`.`ServiceItem`.`id`, `main`.`ServiceItem`.`categoryId`, `main`.`ServiceItem`.`titleEn`, `main`.`ServiceItem`.`titleBn`, `main`.`ServiceItem`.`descEn`, `main`.`ServiceItem`.`descBn`, `main`.`ServiceItem`.`icon`, `main`.`ServiceItem`.`theme`, `main`.`ServiceItem`.`order` FROM `main`.`ServiceItem` WHERE `main`.`ServiceItem`.`categoryId` IN (?,?,?,?) ORDER BY `main`.`ServiceItem`.`order` ASC LIMIT ? OFFSET ?
 GET /api/config 200 in 29ms
prisma:query SELECT `main`.`ServiceCategory`.`id`, `main`.`ServiceCategory`.`labelEn`, `main`.`ServiceCategory`.`labelBn`, `main`.`ServiceCategory`.`order`, `main`.`ServiceCategory`.`isActive` FROM `main`.`ServiceCategory` WHERE 1=1 ORDER BY `main`.`ServiceCategory`.`order` ASC LIMIT ? OFFSET ?
prisma:query SELECT `main`.`ServiceItem`.`id`, `main`.`ServiceItem`.`categoryId`, `main`.`ServiceItem`.`titleEn`, `main`.`ServiceItem`.`titleBn`, `main`.`ServiceItem`.`descEn`, `main`.`ServiceItem`.`descBn`, `main`.`ServiceItem`.`icon`, `main`.`ServiceItem`.`theme`, `main`.`ServiceItem`.`order` FROM `main`.`ServiceItem` WHERE `main`.`ServiceItem`.`categoryId` IN (?,?,?,?) ORDER BY `main`.`ServiceItem`.`order` ASC LIMIT ? OFFSET ?
 GET /api/config 200 in 196ms
prisma:query SELECT `main`.`CaseStudy`.`id`, `main`.`CaseStudy`.`titleEn`, `main`.`CaseStudy`.`titleBn`, `main`.`CaseStudy`.`clientEn`, `main`.`CaseStudy`.`clientBn`, `main`.`CaseStudy`.`categoryId`, `main`.`CaseStudy`.`summaryEn`, `main`.`CaseStudy`.`summaryBn`, `main`.`CaseStudy`.`metricsEn`, `main`.`CaseStudy`.`metricsBn`, `main`.`CaseStudy`.`challengeEn`, `main`.`CaseStudy`.`challengeBn`, `main`.`CaseStudy`.`solutionEn`, `main`.`CaseStudy`.`solutionBn`, `main`.`CaseStudy`.`img`, `main`.`CaseStudy`.`order`, `main`.`CaseStudy`.`isActive` FROM `main`.`CaseStudy` WHERE 1=1 ORDER BY `main`.`CaseStudy`.`order` ASC LIMIT ? OFFSET ?
 GET /api/casestudies 200 in 52ms
prisma:query SELECT `main`.`CaseStudy`.`id`, `main`.`CaseStudy`.`titleEn`, `main`.`CaseStudy`.`titleBn`, `main`.`CaseStudy`.`clientEn`, `main`.`CaseStudy`.`clientBn`, `main`.`CaseStudy`.`categoryId`, `main`.`CaseStudy`.`summaryEn`, `main`.`CaseStudy`.`summaryBn`, `main`.`CaseStudy`.`metricsEn`, `main`.`CaseStudy`.`metricsBn`, `main`.`CaseStudy`.`challengeEn`, `main`.`CaseStudy`.`challengeBn`, `main`.`CaseStudy`.`solutionEn`, `main`.`CaseStudy`.`solutionBn`, `main`.`CaseStudy`.`img`, `main`.`CaseStudy`.`order`, `main`.`CaseStudy`.`isActive` FROM `main`.`CaseStudy` WHERE 1=1 ORDER BY `main`.`CaseStudy`.`order` ASC LIMIT ? OFFSET ?
 GET /api/casestudies 200 in 23ms
 ✓ Compiled in 32.2s (4604 modules)
 GET / 200 in 13619ms
 GET / 200 in 3724ms
 GET / 200 in 3723ms
 GET / 200 in 261ms
 GET / 200 in 1344ms
 GET /favicon.ico 200 in 82ms
prisma:query SELECT 1
prisma:query SELECT `main`.`ServiceCategory`.`id`, `main`.`ServiceCategory`.`labelEn`, `main`.`ServiceCategory`.`labelBn`, `main`.`ServiceCategory`.`order`, `main`.`ServiceCategory`.`isActive` FROM `main`.`ServiceCategory` WHERE 1=1 ORDER BY `main`.`ServiceCategory`.`order` ASC LIMIT ? OFFSET ?
prisma:query SELECT `main`.`ServiceItem`.`id`, `main`.`ServiceItem`.`categoryId`, `main`.`ServiceItem`.`titleEn`, `main`.`ServiceItem`.`titleBn`, `main`.`ServiceItem`.`descEn`, `main`.`ServiceItem`.`descBn`, `main`.`ServiceItem`.`icon`, `main`.`ServiceItem`.`theme`, `main`.`ServiceItem`.`order` FROM `main`.`ServiceItem` WHERE `main`.`ServiceItem`.`categoryId` IN (?,?,?,?) ORDER BY `main`.`ServiceItem`.`order` ASC LIMIT ? OFFSET ?
 GET /api/config 200 in 51ms
prisma:query SELECT `main`.`ServiceCategory`.`id`, `main`.`ServiceCategory`.`labelEn`, `main`.`ServiceCategory`.`labelBn`, `main`.`ServiceCategory`.`order`, `main`.`ServiceCategory`.`isActive` FROM `main`.`ServiceCategory` WHERE 1=1 ORDER BY `main`.`ServiceCategory`.`order` ASC LIMIT ? OFFSET ?
prisma:query SELECT `main`.`ServiceItem`.`id`, `main`.`ServiceItem`.`categoryId`, `main`.`ServiceItem`.`titleEn`, `main`.`ServiceItem`.`titleBn`, `main`.`ServiceItem`.`descEn`, `main`.`ServiceItem`.`descBn`, `main`.`ServiceItem`.`icon`, `main`.`ServiceItem`.`theme`, `main`.`ServiceItem`.`order` FROM `main`.`ServiceItem` WHERE `main`.`ServiceItem`.`categoryId` IN (?,?,?,?) ORDER BY `main`.`ServiceItem`.`order` ASC LIMIT ? OFFSET ?
 GET /api/config 200 in 42ms
prisma:query SELECT `main`.`ServiceCategory`.`id`, `main`.`ServiceCategory`.`labelEn`, `main`.`ServiceCategory`.`labelBn`, `main`.`ServiceCategory`.`order`, `main`.`ServiceCategory`.`isActive` FROM `main`.`ServiceCategory` WHERE 1=1 ORDER BY `main`.`ServiceCategory`.`order` ASC LIMIT ? OFFSET ?
prisma:query SELECT `main`.`ServiceItem`.`id`, `main`.`ServiceItem`.`categoryId`, `main`.`ServiceItem`.`titleEn`, `main`.`ServiceItem`.`titleBn`, `main`.`ServiceItem`.`descEn`, `main`.`ServiceItem`.`descBn`, `main`.`ServiceItem`.`icon`, `main`.`ServiceItem`.`theme`, `main`.`ServiceItem`.`order` FROM `main`.`ServiceItem` WHERE `main`.`ServiceItem`.`categoryId` IN (?,?,?,?) ORDER BY `main`.`ServiceItem`.`order` ASC LIMIT ? OFFSET ?
 GET /api/config 200 in 55ms
prisma:query SELECT `main`.`ServiceCategory`.`id`, `main`.`ServiceCategory`.`labelEn`, `main`.`ServiceCategory`.`labelBn`, `main`.`ServiceCategory`.`order`, `main`.`ServiceCategory`.`isActive` FROM `main`.`ServiceCategory` WHERE 1=1 ORDER BY `main`.`ServiceCategory`.`order` ASC LIMIT ? OFFSET ?
prisma:query SELECT `main`.`ServiceItem`.`id`, `main`.`ServiceItem`.`categoryId`, `main`.`ServiceItem`.`titleEn`, `main`.`ServiceItem`.`titleBn`, `main`.`ServiceItem`.`descEn`, `main`.`ServiceItem`.`descBn`, `main`.`ServiceItem`.`icon`, `main`.`ServiceItem`.`theme`, `main`.`ServiceItem`.`order` FROM `main`.`ServiceItem` WHERE `main`.`ServiceItem`.`categoryId` IN (?,?,?,?) ORDER BY `main`.`ServiceItem`.`order` ASC LIMIT ? OFFSET ?
 GET /api/config 200 in 61ms
prisma:query SELECT `main`.`CaseStudy`.`id`, `main`.`CaseStudy`.`titleEn`, `main`.`CaseStudy`.`titleBn`, `main`.`CaseStudy`.`clientEn`, `main`.`CaseStudy`.`clientBn`, `main`.`CaseStudy`.`categoryId`, `main`.`CaseStudy`.`summaryEn`, `main`.`CaseStudy`.`summaryBn`, `main`.`CaseStudy`.`metricsEn`, `main`.`CaseStudy`.`metricsBn`, `main`.`CaseStudy`.`challengeEn`, `main`.`CaseStudy`.`challengeBn`, `main`.`CaseStudy`.`solutionEn`, `main`.`CaseStudy`.`solutionBn`, `main`.`CaseStudy`.`img`, `main`.`CaseStudy`.`order`, `main`.`CaseStudy`.`isActive` FROM `main`.`CaseStudy` WHERE 1=1 ORDER BY `main`.`CaseStudy`.`order` ASC LIMIT ? OFFSET ?
 GET /api/casestudies 200 in 107ms
prisma:query SELECT `main`.`CaseStudy`.`id`, `main`.`CaseStudy`.`titleEn`, `main`.`CaseStudy`.`titleBn`, `main`.`CaseStudy`.`clientEn`, `main`.`CaseStudy`.`clientBn`, `main`.`CaseStudy`.`categoryId`, `main`.`CaseStudy`.`summaryEn`, `main`.`CaseStudy`.`summaryBn`, `main`.`CaseStudy`.`metricsEn`, `main`.`CaseStudy`.`metricsBn`, `main`.`CaseStudy`.`challengeEn`, `main`.`CaseStudy`.`challengeBn`, `main`.`CaseStudy`.`solutionEn`, `main`.`CaseStudy`.`solutionBn`, `main`.`CaseStudy`.`img`, `main`.`CaseStudy`.`order`, `main`.`CaseStudy`.`isActive` FROM `main`.`CaseStudy` WHERE 1=1 ORDER BY `main`.`CaseStudy`.`order` ASC LIMIT ? OFFSET ?
 GET /api/casestudies 200 in 168ms
 GET / 200 in 1093ms
prisma:query SELECT 1
prisma:query SELECT `main`.`ServiceCategory`.`id`, `main`.`ServiceCategory`.`labelEn`, `main`.`ServiceCategory`.`labelBn`, `main`.`ServiceCategory`.`order`, `main`.`ServiceCategory`.`isActive` FROM `main`.`ServiceCategory` WHERE 1=1 ORDER BY `main`.`ServiceCategory`.`order` ASC LIMIT ? OFFSET ?
prisma:query SELECT `main`.`ServiceItem`.`id`, `main`.`ServiceItem`.`categoryId`, `main`.`ServiceItem`.`titleEn`, `main`.`ServiceItem`.`titleBn`, `main`.`ServiceItem`.`descEn`, `main`.`ServiceItem`.`descBn`, `main`.`ServiceItem`.`icon`, `main`.`ServiceItem`.`theme`, `main`.`ServiceItem`.`order` FROM `main`.`ServiceItem` WHERE `main`.`ServiceItem`.`categoryId` IN (?,?,?,?) ORDER BY `main`.`ServiceItem`.`order` ASC LIMIT ? OFFSET ?
 GET /api/config 200 in 49ms
prisma:query SELECT `main`.`ServiceCategory`.`id`, `main`.`ServiceCategory`.`labelEn`, `main`.`ServiceCategory`.`labelBn`, `main`.`ServiceCategory`.`order`, `main`.`ServiceCategory`.`isActive` FROM `main`.`ServiceCategory` WHERE 1=1 ORDER BY `main`.`ServiceCategory`.`order` ASC LIMIT ? OFFSET ?
prisma:query SELECT `main`.`ServiceItem`.`id`, `main`.`ServiceItem`.`categoryId`, `main`.`ServiceItem`.`titleEn`, `main`.`ServiceItem`.`titleBn`, `main`.`ServiceItem`.`descEn`, `main`.`ServiceItem`.`descBn`, `main`.`ServiceItem`.`icon`, `main`.`ServiceItem`.`theme`, `main`.`ServiceItem`.`order` FROM `main`.`ServiceItem` WHERE `main`.`ServiceItem`.`categoryId` IN (?,?,?,?) ORDER BY `main`.`ServiceItem`.`order` ASC LIMIT ? OFFSET ?
 GET /api/config 200 in 41ms
prisma:query SELECT `main`.`ServiceCategory`.`id`, `main`.`ServiceCategory`.`labelEn`, `main`.`ServiceCategory`.`labelBn`, `main`.`ServiceCategory`.`order`, `main`.`ServiceCategory`.`isActive` FROM `main`.`ServiceCategory` WHERE 1=1 ORDER BY `main`.`ServiceCategory`.`order` ASC LIMIT ? OFFSET ?
prisma:query SELECT `main`.`ServiceItem`.`id`, `main`.`ServiceItem`.`categoryId`, `main`.`ServiceItem`.`titleEn`, `main`.`ServiceItem`.`titleBn`, `main`.`ServiceItem`.`descEn`, `main`.`ServiceItem`.`descBn`, `main`.`ServiceItem`.`icon`, `main`.`ServiceItem`.`theme`, `main`.`ServiceItem`.`order` FROM `main`.`ServiceItem` WHERE `main`.`ServiceItem`.`categoryId` IN (?,?,?,?) ORDER BY `main`.`ServiceItem`.`order` ASC LIMIT ? OFFSET ?
 GET /api/config 200 in 87ms
prisma:query SELECT `main`.`ServiceCategory`.`id`, `main`.`ServiceCategory`.`labelEn`, `main`.`ServiceCategory`.`labelBn`, `main`.`ServiceCategory`.`order`, `main`.`ServiceCategory`.`isActive` FROM `main`.`ServiceCategory` WHERE 1=1 ORDER BY `main`.`ServiceCategory`.`order` ASC LIMIT ? OFFSET ?
prisma:query SELECT `main`.`ServiceItem`.`id`, `main`.`ServiceItem`.`categoryId`, `main`.`ServiceItem`.`titleEn`, `main`.`ServiceItem`.`titleBn`, `main`.`ServiceItem`.`descEn`, `main`.`ServiceItem`.`descBn`, `main`.`ServiceItem`.`icon`, `main`.`ServiceItem`.`theme`, `main`.`ServiceItem`.`order` FROM `main`.`ServiceItem` WHERE `main`.`ServiceItem`.`categoryId` IN (?,?,?,?) ORDER BY `main`.`ServiceItem`.`order` ASC LIMIT ? OFFSET ?
 GET /api/config 200 in 41ms
prisma:query SELECT `main`.`CaseStudy`.`id`, `main`.`CaseStudy`.`titleEn`, `main`.`CaseStudy`.`titleBn`, `main`.`CaseStudy`.`clientEn`, `main`.`CaseStudy`.`clientBn`, `main`.`CaseStudy`.`categoryId`, `main`.`CaseStudy`.`summaryEn`, `main`.`CaseStudy`.`summaryBn`, `main`.`CaseStudy`.`metricsEn`, `main`.`CaseStudy`.`metricsBn`, `main`.`CaseStudy`.`challengeEn`, `main`.`CaseStudy`.`challengeBn`, `main`.`CaseStudy`.`solutionEn`, `main`.`CaseStudy`.`solutionBn`, `main`.`CaseStudy`.`img`, `main`.`CaseStudy`.`order`, `main`.`CaseStudy`.`isActive` FROM `main`.`CaseStudy` WHERE 1=1 ORDER BY `main`.`CaseStudy`.`order` ASC LIMIT ? OFFSET ?
 GET /api/casestudies 200 in 64ms
prisma:query SELECT `main`.`CaseStudy`.`id`, `main`.`CaseStudy`.`titleEn`, `main`.`CaseStudy`.`titleBn`, `main`.`CaseStudy`.`clientEn`, `main`.`CaseStudy`.`clientBn`, `main`.`CaseStudy`.`categoryId`, `main`.`CaseStudy`.`summaryEn`, `main`.`CaseStudy`.`summaryBn`, `main`.`CaseStudy`.`metricsEn`, `main`.`CaseStudy`.`metricsBn`, `main`.`CaseStudy`.`challengeEn`, `main`.`CaseStudy`.`challengeBn`, `main`.`CaseStudy`.`solutionEn`, `main`.`CaseStudy`.`solutionBn`, `main`.`CaseStudy`.`img`, `main`.`CaseStudy`.`order`, `main`.`CaseStudy`.`isActive` FROM `main`.`CaseStudy` WHERE 1=1 ORDER BY `main`.`CaseStudy`.`order` ASC LIMIT ? OFFSET ?
 GET /api/casestudies 200 in 30ms
 ✓ Compiled in 9.5s (4579 modules)
 GET / 200 in 766ms
 GET / 200 in 781ms
 GET / 200 in 757ms
 GET / 200 in 3647ms
 GET / 200 in 1378ms
 ○ Compiling /favicon.ico ...
 ✓ Compiled /favicon.ico in 1044ms (2385 modules)
 ○ Compiling /api/config ...
 ✓ Compiled /api/config in 552ms (2391 modules)
 GET /favicon.ico 200 in 2431ms
prisma:query SELECT 1
prisma:query SELECT `main`.`ServiceCategory`.`id`, `main`.`ServiceCategory`.`labelEn`, `main`.`ServiceCategory`.`labelBn`, `main`.`ServiceCategory`.`order`, `main`.`ServiceCategory`.`isActive` FROM `main`.`ServiceCategory` WHERE 1=1 ORDER BY `main`.`ServiceCategory`.`order` ASC LIMIT ? OFFSET ?
prisma:query SELECT `main`.`ServiceItem`.`id`, `main`.`ServiceItem`.`categoryId`, `main`.`ServiceItem`.`titleEn`, `main`.`ServiceItem`.`titleBn`, `main`.`ServiceItem`.`descEn`, `main`.`ServiceItem`.`descBn`, `main`.`ServiceItem`.`icon`, `main`.`ServiceItem`.`theme`, `main`.`ServiceItem`.`order` FROM `main`.`ServiceItem` WHERE `main`.`ServiceItem`.`categoryId` IN (?,?,?,?) ORDER BY `main`.`ServiceItem`.`order` ASC LIMIT ? OFFSET ?
 GET /api/config 200 in 1443ms
prisma:query SELECT `main`.`ServiceCategory`.`id`, `main`.`ServiceCategory`.`labelEn`, `main`.`ServiceCategory`.`labelBn`, `main`.`ServiceCategory`.`order`, `main`.`ServiceCategory`.`isActive` FROM `main`.`ServiceCategory` WHERE 1=1 ORDER BY `main`.`ServiceCategory`.`order` ASC LIMIT ? OFFSET ?
prisma:query SELECT `main`.`ServiceItem`.`id`, `main`.`ServiceItem`.`categoryId`, `main`.`ServiceItem`.`titleEn`, `main`.`ServiceItem`.`titleBn`, `main`.`ServiceItem`.`descEn`, `main`.`ServiceItem`.`descBn`, `main`.`ServiceItem`.`icon`, `main`.`ServiceItem`.`theme`, `main`.`ServiceItem`.`order` FROM `main`.`ServiceItem` WHERE `main`.`ServiceItem`.`categoryId` IN (?,?,?,?) ORDER BY `main`.`ServiceItem`.`order` ASC LIMIT ? OFFSET ?
 GET /api/config 200 in 28ms
prisma:query SELECT `main`.`ServiceCategory`.`id`, `main`.`ServiceCategory`.`labelEn`, `main`.`ServiceCategory`.`labelBn`, `main`.`ServiceCategory`.`order`, `main`.`ServiceCategory`.`isActive` FROM `main`.`ServiceCategory` WHERE 1=1 ORDER BY `main`.`ServiceCategory`.`order` ASC LIMIT ? OFFSET ?
prisma:query SELECT `main`.`ServiceItem`.`id`, `main`.`ServiceItem`.`categoryId`, `main`.`ServiceItem`.`titleEn`, `main`.`ServiceItem`.`titleBn`, `main`.`ServiceItem`.`descEn`, `main`.`ServiceItem`.`descBn`, `main`.`ServiceItem`.`icon`, `main`.`ServiceItem`.`theme`, `main`.`ServiceItem`.`order` FROM `main`.`ServiceItem` WHERE `main`.`ServiceItem`.`categoryId` IN (?,?,?,?) ORDER BY `main`.`ServiceItem`.`order` ASC LIMIT ? OFFSET ?
 GET /api/config 200 in 53ms
 ○ Compiling /api/casestudies ...
 ✓ Compiled /api/casestudies in 1781ms (2393 modules)
prisma:query SELECT `main`.`CaseStudy`.`id`, `main`.`CaseStudy`.`titleEn`, `main`.`CaseStudy`.`titleBn`, `main`.`CaseStudy`.`clientEn`, `main`.`CaseStudy`.`clientBn`, `main`.`CaseStudy`.`categoryId`, `main`.`CaseStudy`.`summaryEn`, `main`.`CaseStudy`.`summaryBn`, `main`.`CaseStudy`.`metricsEn`, `main`.`CaseStudy`.`metricsBn`, `main`.`CaseStudy`.`challengeEn`, `main`.`CaseStudy`.`challengeBn`, `main`.`CaseStudy`.`solutionEn`, `main`.`CaseStudy`.`solutionBn`, `main`.`CaseStudy`.`img`, `main`.`CaseStudy`.`order`, `main`.`CaseStudy`.`isActive` FROM `main`.`CaseStudy` WHERE 1=1 ORDER BY `main`.`CaseStudy`.`order` ASC LIMIT ? OFFSET ?
 GET /api/casestudies 200 in 2878ms
prisma:query SELECT `main`.`ServiceCategory`.`id`, `main`.`ServiceCategory`.`labelEn`, `main`.`ServiceCategory`.`labelBn`, `main`.`ServiceCategory`.`order`, `main`.`ServiceCategory`.`isActive` FROM `main`.`ServiceCategory` WHERE 1=1 ORDER BY `main`.`ServiceCategory`.`order` ASC LIMIT ? OFFSET ?
prisma:query SELECT `main`.`ServiceItem`.`id`, `main`.`ServiceItem`.`categoryId`, `main`.`ServiceItem`.`titleEn`, `main`.`ServiceItem`.`titleBn`, `main`.`ServiceItem`.`descEn`, `main`.`ServiceItem`.`descBn`, `main`.`ServiceItem`.`icon`, `main`.`ServiceItem`.`theme`, `main`.`ServiceItem`.`order` FROM `main`.`ServiceItem` WHERE `main`.`ServiceItem`.`categoryId` IN (?,?,?,?) ORDER BY `main`.`ServiceItem`.`order` ASC LIMIT ? OFFSET ?
 GET /api/config 200 in 2836ms
 GET / 200 in 2634ms
prisma:query SELECT `main`.`ServiceCategory`.`id`, `main`.`ServiceCategory`.`labelEn`, `main`.`ServiceCategory`.`labelBn`, `main`.`ServiceCategory`.`order`, `main`.`ServiceCategory`.`isActive` FROM `main`.`ServiceCategory` WHERE 1=1 ORDER BY `main`.`ServiceCategory`.`order` ASC LIMIT ? OFFSET ?
prisma:query SELECT `main`.`ServiceItem`.`id`, `main`.`ServiceItem`.`categoryId`, `main`.`ServiceItem`.`titleEn`, `main`.`ServiceItem`.`titleBn`, `main`.`ServiceItem`.`descEn`, `main`.`ServiceItem`.`descBn`, `main`.`ServiceItem`.`icon`, `main`.`ServiceItem`.`theme`, `main`.`ServiceItem`.`order` FROM `main`.`ServiceItem` WHERE `main`.`ServiceItem`.`categoryId` IN (?,?,?,?) ORDER BY `main`.`ServiceItem`.`order` ASC LIMIT ? OFFSET ?
 GET /api/config 200 in 30ms
prisma:query SELECT `main`.`ServiceCategory`.`id`, `main`.`ServiceCategory`.`labelEn`, `main`.`ServiceCategory`.`labelBn`, `main`.`ServiceCategory`.`order`, `main`.`ServiceCategory`.`isActive` FROM `main`.`ServiceCategory` WHERE 1=1 ORDER BY `main`.`ServiceCategory`.`order` ASC LIMIT ? OFFSET ?
prisma:query SELECT `main`.`ServiceItem`.`id`, `main`.`ServiceItem`.`categoryId`, `main`.`ServiceItem`.`titleEn`, `main`.`ServiceItem`.`titleBn`, `main`.`ServiceItem`.`descEn`, `main`.`ServiceItem`.`descBn`, `main`.`ServiceItem`.`icon`, `main`.`ServiceItem`.`theme`, `main`.`ServiceItem`.`order` FROM `main`.`ServiceItem` WHERE `main`.`ServiceItem`.`categoryId` IN (?,?,?,?) ORDER BY `main`.`ServiceItem`.`order` ASC LIMIT ? OFFSET ?
 GET /api/config 200 in 37ms
prisma:query SELECT `main`.`ServiceCategory`.`id`, `main`.`ServiceCategory`.`labelEn`, `main`.`ServiceCategory`.`labelBn`, `main`.`ServiceCategory`.`order`, `main`.`ServiceCategory`.`isActive` FROM `main`.`ServiceCategory` WHERE 1=1 ORDER BY `main`.`ServiceCategory`.`order` ASC LIMIT ? OFFSET ?
prisma:query SELECT `main`.`ServiceItem`.`id`, `main`.`ServiceItem`.`categoryId`, `main`.`ServiceItem`.`titleEn`, `main`.`ServiceItem`.`titleBn`, `main`.`ServiceItem`.`descEn`, `main`.`ServiceItem`.`descBn`, `main`.`ServiceItem`.`icon`, `main`.`ServiceItem`.`theme`, `main`.`ServiceItem`.`order` FROM `main`.`ServiceItem` WHERE `main`.`ServiceItem`.`categoryId` IN (?,?,?,?) ORDER BY `main`.`ServiceItem`.`order` ASC LIMIT ? OFFSET ?
 GET /api/config 200 in 27ms
prisma:query SELECT `main`.`ServiceCategory`.`id`, `main`.`ServiceCategory`.`labelEn`, `main`.`ServiceCategory`.`labelBn`, `main`.`ServiceCategory`.`order`, `main`.`ServiceCategory`.`isActive` FROM `main`.`ServiceCategory` WHERE 1=1 ORDER BY `main`.`ServiceCategory`.`order` ASC LIMIT ? OFFSET ?
prisma:query SELECT `main`.`ServiceItem`.`id`, `main`.`ServiceItem`.`categoryId`, `main`.`ServiceItem`.`titleEn`, `main`.`ServiceItem`.`titleBn`, `main`.`ServiceItem`.`descEn`, `main`.`ServiceItem`.`descBn`, `main`.`ServiceItem`.`icon`, `main`.`ServiceItem`.`theme`, `main`.`ServiceItem`.`order` FROM `main`.`ServiceItem` WHERE `main`.`ServiceItem`.`categoryId` IN (?,?,?,?) ORDER BY `main`.`ServiceItem`.`order` ASC LIMIT ? OFFSET ?
 GET /api/config 200 in 139ms
prisma:query SELECT `main`.`CaseStudy`.`id`, `main`.`CaseStudy`.`titleEn`, `main`.`CaseStudy`.`titleBn`, `main`.`CaseStudy`.`clientEn`, `main`.`CaseStudy`.`clientBn`, `main`.`CaseStudy`.`categoryId`, `main`.`CaseStudy`.`summaryEn`, `main`.`CaseStudy`.`summaryBn`, `main`.`CaseStudy`.`metricsEn`, `main`.`CaseStudy`.`metricsBn`, `main`.`CaseStudy`.`challengeEn`, `main`.`CaseStudy`.`challengeBn`, `main`.`CaseStudy`.`solutionEn`, `main`.`CaseStudy`.`solutionBn`, `main`.`CaseStudy`.`img`, `main`.`CaseStudy`.`order`, `main`.`CaseStudy`.`isActive` FROM `main`.`CaseStudy` WHERE 1=1 ORDER BY `main`.`CaseStudy`.`order` ASC LIMIT ? OFFSET ?
 GET /api/casestudies 200 in 26ms
prisma:query SELECT `main`.`CaseStudy`.`id`, `main`.`CaseStudy`.`titleEn`, `main`.`CaseStudy`.`titleBn`, `main`.`CaseStudy`.`clientEn`, `main`.`CaseStudy`.`clientBn`, `main`.`CaseStudy`.`categoryId`, `main`.`CaseStudy`.`summaryEn`, `main`.`CaseStudy`.`summaryBn`, `main`.`CaseStudy`.`metricsEn`, `main`.`CaseStudy`.`metricsBn`, `main`.`CaseStudy`.`challengeEn`, `main`.`CaseStudy`.`challengeBn`, `main`.`CaseStudy`.`solutionEn`, `main`.`CaseStudy`.`solutionBn`, `main`.`CaseStudy`.`img`, `main`.`CaseStudy`.`order`, `main`.`CaseStudy`.`isActive` FROM `main`.`CaseStudy` WHERE 1=1 ORDER BY `main`.`CaseStudy`.`order` ASC LIMIT ? OFFSET ?
 GET /api/casestudies 200 in 29ms
 ✓ Compiled in 9.8s (4579 modules)
 GET / 200 in 1239ms
 GET / 200 in 1222ms
 GET / 200 in 104ms
 GET / 200 in 3920ms
 GET / 200 in 1817ms
 ○ Compiling /favicon.ico ...
 ✓ Compiled /favicon.ico in 555ms (2385 modules)
 GET /favicon.ico 200 in 866ms
 ○ Compiling /api/config ...
 ✓ Compiled /api/config in 580ms (2391 modules)
prisma:query SELECT 1
prisma:query SELECT `main`.`ServiceCategory`.`id`, `main`.`ServiceCategory`.`labelEn`, `main`.`ServiceCategory`.`labelBn`, `main`.`ServiceCategory`.`order`, `main`.`ServiceCategory`.`isActive` FROM `main`.`ServiceCategory` WHERE 1=1 ORDER BY `main`.`ServiceCategory`.`order` ASC LIMIT ? OFFSET ?
prisma:query SELECT `main`.`ServiceItem`.`id`, `main`.`ServiceItem`.`categoryId`, `main`.`ServiceItem`.`titleEn`, `main`.`ServiceItem`.`titleBn`, `main`.`ServiceItem`.`descEn`, `main`.`ServiceItem`.`descBn`, `main`.`ServiceItem`.`icon`, `main`.`ServiceItem`.`theme`, `main`.`ServiceItem`.`order` FROM `main`.`ServiceItem` WHERE `main`.`ServiceItem`.`categoryId` IN (?,?,?,?) ORDER BY `main`.`ServiceItem`.`order` ASC LIMIT ? OFFSET ?
 GET /api/config 200 in 1001ms
prisma:query SELECT `main`.`ServiceCategory`.`id`, `main`.`ServiceCategory`.`labelEn`, `main`.`ServiceCategory`.`labelBn`, `main`.`ServiceCategory`.`order`, `main`.`ServiceCategory`.`isActive` FROM `main`.`ServiceCategory` WHERE 1=1 ORDER BY `main`.`ServiceCategory`.`order` ASC LIMIT ? OFFSET ?
prisma:query SELECT `main`.`ServiceItem`.`id`, `main`.`ServiceItem`.`categoryId`, `main`.`ServiceItem`.`titleEn`, `main`.`ServiceItem`.`titleBn`, `main`.`ServiceItem`.`descEn`, `main`.`ServiceItem`.`descBn`, `main`.`ServiceItem`.`icon`, `main`.`ServiceItem`.`theme`, `main`.`ServiceItem`.`order` FROM `main`.`ServiceItem` WHERE `main`.`ServiceItem`.`categoryId` IN (?,?,?,?) ORDER BY `main`.`ServiceItem`.`order` ASC LIMIT ? OFFSET ?
 GET /api/config 200 in 73ms
prisma:query SELECT `main`.`ServiceCategory`.`id`, `main`.`ServiceCategory`.`labelEn`, `main`.`ServiceCategory`.`labelBn`, `main`.`ServiceCategory`.`order`, `main`.`ServiceCategory`.`isActive` FROM `main`.`ServiceCategory` WHERE 1=1 ORDER BY `main`.`ServiceCategory`.`order` ASC LIMIT ? OFFSET ?
prisma:query SELECT `main`.`ServiceItem`.`id`, `main`.`ServiceItem`.`categoryId`, `main`.`ServiceItem`.`titleEn`, `main`.`ServiceItem`.`titleBn`, `main`.`ServiceItem`.`descEn`, `main`.`ServiceItem`.`descBn`, `main`.`ServiceItem`.`icon`, `main`.`ServiceItem`.`theme`, `main`.`ServiceItem`.`order` FROM `main`.`ServiceItem` WHERE `main`.`ServiceItem`.`categoryId` IN (?,?,?,?) ORDER BY `main`.`ServiceItem`.`order` ASC LIMIT ? OFFSET ?
 GET /api/config 200 in 283ms
 ○ Compiling /api/casestudies ...
 ✓ Compiled /api/casestudies in 1421ms (2393 modules)
prisma:query SELECT `main`.`CaseStudy`.`id`, `main`.`CaseStudy`.`titleEn`, `main`.`CaseStudy`.`titleBn`, `main`.`CaseStudy`.`clientEn`, `main`.`CaseStudy`.`clientBn`, `main`.`CaseStudy`.`categoryId`, `main`.`CaseStudy`.`summaryEn`, `main`.`CaseStudy`.`summaryBn`, `main`.`CaseStudy`.`metricsEn`, `main`.`CaseStudy`.`metricsBn`, `main`.`CaseStudy`.`challengeEn`, `main`.`CaseStudy`.`challengeBn`, `main`.`CaseStudy`.`solutionEn`, `main`.`CaseStudy`.`solutionBn`, `main`.`CaseStudy`.`img`, `main`.`CaseStudy`.`order`, `main`.`CaseStudy`.`isActive` FROM `main`.`CaseStudy` WHERE 1=1 ORDER BY `main`.`CaseStudy`.`order` ASC LIMIT ? OFFSET ?
 GET /api/casestudies 200 in 2258ms
prisma:query SELECT `main`.`ServiceCategory`.`id`, `main`.`ServiceCategory`.`labelEn`, `main`.`ServiceCategory`.`labelBn`, `main`.`ServiceCategory`.`order`, `main`.`ServiceCategory`.`isActive` FROM `main`.`ServiceCategory` WHERE 1=1 ORDER BY `main`.`ServiceCategory`.`order` ASC LIMIT ? OFFSET ?
prisma:query SELECT `main`.`ServiceItem`.`id`, `main`.`ServiceItem`.`categoryId`, `main`.`ServiceItem`.`titleEn`, `main`.`ServiceItem`.`titleBn`, `main`.`ServiceItem`.`descEn`, `main`.`ServiceItem`.`descBn`, `main`.`ServiceItem`.`icon`, `main`.`ServiceItem`.`theme`, `main`.`ServiceItem`.`order` FROM `main`.`ServiceItem` WHERE `main`.`ServiceItem`.`categoryId` IN (?,?,?,?) ORDER BY `main`.`ServiceItem`.`order` ASC LIMIT ? OFFSET ?
 GET /api/config 200 in 1993ms
prisma:query SELECT `main`.`CaseStudy`.`id`, `main`.`CaseStudy`.`titleEn`, `main`.`CaseStudy`.`titleBn`, `main`.`CaseStudy`.`clientEn`, `main`.`CaseStudy`.`clientBn`, `main`.`CaseStudy`.`categoryId`, `main`.`CaseStudy`.`summaryEn`, `main`.`CaseStudy`.`summaryBn`, `main`.`CaseStudy`.`metricsEn`, `main`.`CaseStudy`.`metricsBn`, `main`.`CaseStudy`.`challengeEn`, `main`.`CaseStudy`.`challengeBn`, `main`.`CaseStudy`.`solutionEn`, `main`.`CaseStudy`.`solutionBn`, `main`.`CaseStudy`.`img`, `main`.`CaseStudy`.`order`, `main`.`CaseStudy`.`isActive` FROM `main`.`CaseStudy` WHERE 1=1 ORDER BY `main`.`CaseStudy`.`order` ASC LIMIT ? OFFSET ?
 GET /api/casestudies 200 in 28ms
 ✓ Compiled in 7.7s (4579 modules)
 GET / 200 in 791ms
 GET / 200 in 768ms
 GET / 200 in 780ms
 ✓ Compiled in 3.7s (4579 modules)
 GET / 200 in 691ms
 GET / 200 in 710ms
 GET / 200 in 259ms
 GET / 200 in 3270ms
 GET / 200 in 5061ms
 ○ Compiling /favicon.ico ...
 ✓ Compiled /favicon.ico in 1566ms (2385 modules)
 ○ Compiling /api/config ...
 ✓ Compiled /api/config in 618ms (2391 modules)
 GET /favicon.ico 200 in 3457ms
prisma:query SELECT 1
prisma:query SELECT `main`.`ServiceCategory`.`id`, `main`.`ServiceCategory`.`labelEn`, `main`.`ServiceCategory`.`labelBn`, `main`.`ServiceCategory`.`order`, `main`.`ServiceCategory`.`isActive` FROM `main`.`ServiceCategory` WHERE 1=1 ORDER BY `main`.`ServiceCategory`.`order` ASC LIMIT ? OFFSET ?
prisma:query SELECT `main`.`ServiceItem`.`id`, `main`.`ServiceItem`.`categoryId`, `main`.`ServiceItem`.`titleEn`, `main`.`ServiceItem`.`titleBn`, `main`.`ServiceItem`.`descEn`, `main`.`ServiceItem`.`descBn`, `main`.`ServiceItem`.`icon`, `main`.`ServiceItem`.`theme`, `main`.`ServiceItem`.`order` FROM `main`.`ServiceItem` WHERE `main`.`ServiceItem`.`categoryId` IN (?,?,?,?) ORDER BY `main`.`ServiceItem`.`order` ASC LIMIT ? OFFSET ?
 GET /api/config 200 in 1988ms
prisma:query SELECT `main`.`ServiceCategory`.`id`, `main`.`ServiceCategory`.`labelEn`, `main`.`ServiceCategory`.`labelBn`, `main`.`ServiceCategory`.`order`, `main`.`ServiceCategory`.`isActive` FROM `main`.`ServiceCategory` WHERE 1=1 ORDER BY `main`.`ServiceCategory`.`order` ASC LIMIT ? OFFSET ?
prisma:query SELECT `main`.`ServiceItem`.`id`, `main`.`ServiceItem`.`categoryId`, `main`.`ServiceItem`.`titleEn`, `main`.`ServiceItem`.`titleBn`, `main`.`ServiceItem`.`descEn`, `main`.`ServiceItem`.`descBn`, `main`.`ServiceItem`.`icon`, `main`.`ServiceItem`.`theme`, `main`.`ServiceItem`.`order` FROM `main`.`ServiceItem` WHERE `main`.`ServiceItem`.`categoryId` IN (?,?,?,?) ORDER BY `main`.`ServiceItem`.`order` ASC LIMIT ? OFFSET ?
 GET /api/config 200 in 37ms
prisma:query SELECT `main`.`ServiceCategory`.`id`, `main`.`ServiceCategory`.`labelEn`, `main`.`ServiceCategory`.`labelBn`, `main`.`ServiceCategory`.`order`, `main`.`ServiceCategory`.`isActive` FROM `main`.`ServiceCategory` WHERE 1=1 ORDER BY `main`.`ServiceCategory`.`order` ASC LIMIT ? OFFSET ?
prisma:query SELECT `main`.`ServiceItem`.`id`, `main`.`ServiceItem`.`categoryId`, `main`.`ServiceItem`.`titleEn`, `main`.`ServiceItem`.`titleBn`, `main`.`ServiceItem`.`descEn`, `main`.`ServiceItem`.`descBn`, `main`.`ServiceItem`.`icon`, `main`.`ServiceItem`.`theme`, `main`.`ServiceItem`.`order` FROM `main`.`ServiceItem` WHERE `main`.`ServiceItem`.`categoryId` IN (?,?,?,?) ORDER BY `main`.`ServiceItem`.`order` ASC LIMIT ? OFFSET ?
 GET /api/config 200 in 37ms
prisma:query SELECT `main`.`ServiceCategory`.`id`, `main`.`ServiceCategory`.`labelEn`, `main`.`ServiceCategory`.`labelBn`, `main`.`ServiceCategory`.`order`, `main`.`ServiceCategory`.`isActive` FROM `main`.`ServiceCategory` WHERE 1=1 ORDER BY `main`.`ServiceCategory`.`order` ASC LIMIT ? OFFSET ?
prisma:query SELECT `main`.`ServiceItem`.`id`, `main`.`ServiceItem`.`categoryId`, `main`.`ServiceItem`.`titleEn`, `main`.`ServiceItem`.`titleBn`, `main`.`ServiceItem`.`descEn`, `main`.`ServiceItem`.`descBn`, `main`.`ServiceItem`.`icon`, `main`.`ServiceItem`.`theme`, `main`.`ServiceItem`.`order` FROM `main`.`ServiceItem` WHERE `main`.`ServiceItem`.`categoryId` IN (?,?,?,?) ORDER BY `main`.`ServiceItem`.`order` ASC LIMIT ? OFFSET ?
 GET /api/config 200 in 57ms
 ○ Compiling /api/casestudies ...
 ✓ Compiled /api/casestudies in 1965ms (2393 modules)
prisma:query SELECT `main`.`CaseStudy`.`id`, `main`.`CaseStudy`.`titleEn`, `main`.`CaseStudy`.`titleBn`, `main`.`CaseStudy`.`clientEn`, `main`.`CaseStudy`.`clientBn`, `main`.`CaseStudy`.`categoryId`, `main`.`CaseStudy`.`summaryEn`, `main`.`CaseStudy`.`summaryBn`, `main`.`CaseStudy`.`metricsEn`, `main`.`CaseStudy`.`metricsBn`, `main`.`CaseStudy`.`challengeEn`, `main`.`CaseStudy`.`challengeBn`, `main`.`CaseStudy`.`solutionEn`, `main`.`CaseStudy`.`solutionBn`, `main`.`CaseStudy`.`img`, `main`.`CaseStudy`.`order`, `main`.`CaseStudy`.`isActive` FROM `main`.`CaseStudy` WHERE 1=1 ORDER BY `main`.`CaseStudy`.`order` ASC LIMIT ? OFFSET ?
 GET /api/casestudies 200 in 2205ms
prisma:query SELECT `main`.`CaseStudy`.`id`, `main`.`CaseStudy`.`titleEn`, `main`.`CaseStudy`.`titleBn`, `main`.`CaseStudy`.`clientEn`, `main`.`CaseStudy`.`clientBn`, `main`.`CaseStudy`.`categoryId`, `main`.`CaseStudy`.`summaryEn`, `main`.`CaseStudy`.`summaryBn`, `main`.`CaseStudy`.`metricsEn`, `main`.`CaseStudy`.`metricsBn`, `main`.`CaseStudy`.`challengeEn`, `main`.`CaseStudy`.`challengeBn`, `main`.`CaseStudy`.`solutionEn`, `main`.`CaseStudy`.`solutionBn`, `main`.`CaseStudy`.`img`, `main`.`CaseStudy`.`order`, `main`.`CaseStudy`.`isActive` FROM `main`.`CaseStudy` WHERE 1=1 ORDER BY `main`.`CaseStudy`.`order` ASC LIMIT ? OFFSET ?
 GET /api/casestudies 200 in 33ms
 GET / 200 in 2433ms
 GET /favicon.ico 200 in 25ms
prisma:query SELECT 1
prisma:query SELECT `main`.`ServiceCategory`.`id`, `main`.`ServiceCategory`.`labelEn`, `main`.`ServiceCategory`.`labelBn`, `main`.`ServiceCategory`.`order`, `main`.`ServiceCategory`.`isActive` FROM `main`.`ServiceCategory` WHERE 1=1 ORDER BY `main`.`ServiceCategory`.`order` ASC LIMIT ? OFFSET ?
prisma:query SELECT `main`.`ServiceItem`.`id`, `main`.`ServiceItem`.`categoryId`, `main`.`ServiceItem`.`titleEn`, `main`.`ServiceItem`.`titleBn`, `main`.`ServiceItem`.`descEn`, `main`.`ServiceItem`.`descBn`, `main`.`ServiceItem`.`icon`, `main`.`ServiceItem`.`theme`, `main`.`ServiceItem`.`order` FROM `main`.`ServiceItem` WHERE `main`.`ServiceItem`.`categoryId` IN (?,?,?,?) ORDER BY `main`.`ServiceItem`.`order` ASC LIMIT ? OFFSET ?
 GET /api/config 200 in 198ms
prisma:query SELECT `main`.`ServiceCategory`.`id`, `main`.`ServiceCategory`.`labelEn`, `main`.`ServiceCategory`.`labelBn`, `main`.`ServiceCategory`.`order`, `main`.`ServiceCategory`.`isActive` FROM `main`.`ServiceCategory` WHERE 1=1 ORDER BY `main`.`ServiceCategory`.`order` ASC LIMIT ? OFFSET ?
prisma:query SELECT `main`.`ServiceItem`.`id`, `main`.`ServiceItem`.`categoryId`, `main`.`ServiceItem`.`titleEn`, `main`.`ServiceItem`.`titleBn`, `main`.`ServiceItem`.`descEn`, `main`.`ServiceItem`.`descBn`, `main`.`ServiceItem`.`icon`, `main`.`ServiceItem`.`theme`, `main`.`ServiceItem`.`order` FROM `main`.`ServiceItem` WHERE `main`.`ServiceItem`.`categoryId` IN (?,?,?,?) ORDER BY `main`.`ServiceItem`.`order` ASC LIMIT ? OFFSET ?
 GET /api/config 200 in 290ms
prisma:query SELECT `main`.`ServiceCategory`.`id`, `main`.`ServiceCategory`.`labelEn`, `main`.`ServiceCategory`.`labelBn`, `main`.`ServiceCategory`.`order`, `main`.`ServiceCategory`.`isActive` FROM `main`.`ServiceCategory` WHERE 1=1 ORDER BY `main`.`ServiceCategory`.`order` ASC LIMIT ? OFFSET ?
prisma:query SELECT `main`.`ServiceItem`.`id`, `main`.`ServiceItem`.`categoryId`, `main`.`ServiceItem`.`titleEn`, `main`.`ServiceItem`.`titleBn`, `main`.`ServiceItem`.`descEn`, `main`.`ServiceItem`.`descBn`, `main`.`ServiceItem`.`icon`, `main`.`ServiceItem`.`theme`, `main`.`ServiceItem`.`order` FROM `main`.`ServiceItem` WHERE `main`.`ServiceItem`.`categoryId` IN (?,?,?,?) ORDER BY `main`.`ServiceItem`.`order` ASC LIMIT ? OFFSET ?
 GET /api/config 200 in 263ms
prisma:query SELECT `main`.`CaseStudy`.`id`, `main`.`CaseStudy`.`titleEn`, `main`.`CaseStudy`.`titleBn`, `main`.`CaseStudy`.`clientEn`, `main`.`CaseStudy`.`clientBn`, `main`.`CaseStudy`.`categoryId`, `main`.`CaseStudy`.`summaryEn`, `main`.`CaseStudy`.`summaryBn`, `main`.`CaseStudy`.`metricsEn`, `main`.`CaseStudy`.`metricsBn`, `main`.`CaseStudy`.`challengeEn`, `main`.`CaseStudy`.`challengeBn`, `main`.`CaseStudy`.`solutionEn`, `main`.`CaseStudy`.`solutionBn`, `main`.`CaseStudy`.`img`, `main`.`CaseStudy`.`order`, `main`.`CaseStudy`.`isActive` FROM `main`.`CaseStudy` WHERE 1=1 ORDER BY `main`.`CaseStudy`.`order` ASC LIMIT ? OFFSET ?
 GET /api/casestudies 200 in 68ms
prisma:query SELECT `main`.`ServiceCategory`.`id`, `main`.`ServiceCategory`.`labelEn`, `main`.`ServiceCategory`.`labelBn`, `main`.`ServiceCategory`.`order`, `main`.`ServiceCategory`.`isActive` FROM `main`.`ServiceCategory` WHERE 1=1 ORDER BY `main`.`ServiceCategory`.`order` ASC LIMIT ? OFFSET ?
prisma:query SELECT `main`.`ServiceItem`.`id`, `main`.`ServiceItem`.`categoryId`, `main`.`ServiceItem`.`titleEn`, `main`.`ServiceItem`.`titleBn`, `main`.`ServiceItem`.`descEn`, `main`.`ServiceItem`.`descBn`, `main`.`ServiceItem`.`icon`, `main`.`ServiceItem`.`theme`, `main`.`ServiceItem`.`order` FROM `main`.`ServiceItem` WHERE `main`.`ServiceItem`.`categoryId` IN (?,?,?,?) ORDER BY `main`.`ServiceItem`.`order` ASC LIMIT ? OFFSET ?
 GET /api/config 200 in 51ms
prisma:query SELECT `main`.`CaseStudy`.`id`, `main`.`CaseStudy`.`titleEn`, `main`.`CaseStudy`.`titleBn`, `main`.`CaseStudy`.`clientEn`, `main`.`CaseStudy`.`clientBn`, `main`.`CaseStudy`.`categoryId`, `main`.`CaseStudy`.`summaryEn`, `main`.`CaseStudy`.`summaryBn`, `main`.`CaseStudy`.`metricsEn`, `main`.`CaseStudy`.`metricsBn`, `main`.`CaseStudy`.`challengeEn`, `main`.`CaseStudy`.`challengeBn`, `main`.`CaseStudy`.`solutionEn`, `main`.`CaseStudy`.`solutionBn`, `main`.`CaseStudy`.`img`, `main`.`CaseStudy`.`order`, `main`.`CaseStudy`.`isActive` FROM `main`.`CaseStudy` WHERE 1=1 ORDER BY `main`.`CaseStudy`.`order` ASC LIMIT ? OFFSET ?
 GET /api/casestudies 200 in 44ms
 GET / 200 in 1311ms
 ✓ Compiled in 3.7s (4579 modules)
 GET / 200 in 388ms
 GET / 200 in 392ms
 ○ Compiling /favicon.ico ...
 ✓ Compiled /favicon.ico in 600ms (2385 modules)
 ✓ Compiled /api/config in 492ms (2391 modules)
 GET /favicon.ico 200 in 1983ms
prisma:query SELECT 1
prisma:query SELECT `main`.`ServiceCategory`.`id`, `main`.`ServiceCategory`.`labelEn`, `main`.`ServiceCategory`.`labelBn`, `main`.`ServiceCategory`.`order`, `main`.`ServiceCategory`.`isActive` FROM `main`.`ServiceCategory` WHERE 1=1 ORDER BY `main`.`ServiceCategory`.`order` ASC LIMIT ? OFFSET ?
prisma:query SELECT `main`.`ServiceItem`.`id`, `main`.`ServiceItem`.`categoryId`, `main`.`ServiceItem`.`titleEn`, `main`.`ServiceItem`.`titleBn`, `main`.`ServiceItem`.`descEn`, `main`.`ServiceItem`.`descBn`, `main`.`ServiceItem`.`icon`, `main`.`ServiceItem`.`theme`, `main`.`ServiceItem`.`order` FROM `main`.`ServiceItem` WHERE `main`.`ServiceItem`.`categoryId` IN (?,?,?,?) ORDER BY `main`.`ServiceItem`.`order` ASC LIMIT ? OFFSET ?
 GET /api/config 200 in 1551ms
prisma:query SELECT `main`.`ServiceCategory`.`id`, `main`.`ServiceCategory`.`labelEn`, `main`.`ServiceCategory`.`labelBn`, `main`.`ServiceCategory`.`order`, `main`.`ServiceCategory`.`isActive` FROM `main`.`ServiceCategory` WHERE 1=1 ORDER BY `main`.`ServiceCategory`.`order` ASC LIMIT ? OFFSET ?
prisma:query SELECT `main`.`ServiceItem`.`id`, `main`.`ServiceItem`.`categoryId`, `main`.`ServiceItem`.`titleEn`, `main`.`ServiceItem`.`titleBn`, `main`.`ServiceItem`.`descEn`, `main`.`ServiceItem`.`descBn`, `main`.`ServiceItem`.`icon`, `main`.`ServiceItem`.`theme`, `main`.`ServiceItem`.`order` FROM `main`.`ServiceItem` WHERE `main`.`ServiceItem`.`categoryId` IN (?,?,?,?) ORDER BY `main`.`ServiceItem`.`order` ASC LIMIT ? OFFSET ?
 GET /api/config 200 in 44ms
prisma:query SELECT `main`.`ServiceCategory`.`id`, `main`.`ServiceCategory`.`labelEn`, `main`.`ServiceCategory`.`labelBn`, `main`.`ServiceCategory`.`order`, `main`.`ServiceCategory`.`isActive` FROM `main`.`ServiceCategory` WHERE 1=1 ORDER BY `main`.`ServiceCategory`.`order` ASC LIMIT ? OFFSET ?
prisma:query SELECT `main`.`ServiceItem`.`id`, `main`.`ServiceItem`.`categoryId`, `main`.`ServiceItem`.`titleEn`, `main`.`ServiceItem`.`titleBn`, `main`.`ServiceItem`.`descEn`, `main`.`ServiceItem`.`descBn`, `main`.`ServiceItem`.`icon`, `main`.`ServiceItem`.`theme`, `main`.`ServiceItem`.`order` FROM `main`.`ServiceItem` WHERE `main`.`ServiceItem`.`categoryId` IN (?,?,?,?) ORDER BY `main`.`ServiceItem`.`order` ASC LIMIT ? OFFSET ?
 GET /api/config 200 in 60ms
 ○ Compiling /api/casestudies ...
 ✓ Compiled /api/casestudies in 1391ms (2393 modules)
prisma:query SELECT `main`.`CaseStudy`.`id`, `main`.`CaseStudy`.`titleEn`, `main`.`CaseStudy`.`titleBn`, `main`.`CaseStudy`.`clientEn`, `main`.`CaseStudy`.`clientBn`, `main`.`CaseStudy`.`categoryId`, `main`.`CaseStudy`.`summaryEn`, `main`.`CaseStudy`.`summaryBn`, `main`.`CaseStudy`.`metricsEn`, `main`.`CaseStudy`.`metricsBn`, `main`.`CaseStudy`.`challengeEn`, `main`.`CaseStudy`.`challengeBn`, `main`.`CaseStudy`.`solutionEn`, `main`.`CaseStudy`.`solutionBn`, `main`.`CaseStudy`.`img`, `main`.`CaseStudy`.`order`, `main`.`CaseStudy`.`isActive` FROM `main`.`CaseStudy` WHERE 1=1 ORDER BY `main`.`CaseStudy`.`order` ASC LIMIT ? OFFSET ?
 GET /api/casestudies 200 in 2132ms
prisma:query SELECT `main`.`ServiceCategory`.`id`, `main`.`ServiceCategory`.`labelEn`, `main`.`ServiceCategory`.`labelBn`, `main`.`ServiceCategory`.`order`, `main`.`ServiceCategory`.`isActive` FROM `main`.`ServiceCategory` WHERE 1=1 ORDER BY `main`.`ServiceCategory`.`order` ASC LIMIT ? OFFSET ?
prisma:query SELECT `main`.`ServiceItem`.`id`, `main`.`ServiceItem`.`categoryId`, `main`.`ServiceItem`.`titleEn`, `main`.`ServiceItem`.`titleBn`, `main`.`ServiceItem`.`descEn`, `main`.`ServiceItem`.`descBn`, `main`.`ServiceItem`.`icon`, `main`.`ServiceItem`.`theme`, `main`.`ServiceItem`.`order` FROM `main`.`ServiceItem` WHERE `main`.`ServiceItem`.`categoryId` IN (?,?,?,?) ORDER BY `main`.`ServiceItem`.`order` ASC LIMIT ? OFFSET ?
 GET /api/config 200 in 2108ms
prisma:query SELECT `main`.`CaseStudy`.`id`, `main`.`CaseStudy`.`titleEn`, `main`.`CaseStudy`.`titleBn`, `main`.`CaseStudy`.`clientEn`, `main`.`CaseStudy`.`clientBn`, `main`.`CaseStudy`.`categoryId`, `main`.`CaseStudy`.`summaryEn`, `main`.`CaseStudy`.`summaryBn`, `main`.`CaseStudy`.`metricsEn`, `main`.`CaseStudy`.`metricsBn`, `main`.`CaseStudy`.`challengeEn`, `main`.`CaseStudy`.`challengeBn`, `main`.`CaseStudy`.`solutionEn`, `main`.`CaseStudy`.`solutionBn`, `main`.`CaseStudy`.`img`, `main`.`CaseStudy`.`order`, `main`.`CaseStudy`.`isActive` FROM `main`.`CaseStudy` WHERE 1=1 ORDER BY `main`.`CaseStudy`.`order` ASC LIMIT ? OFFSET ?
 GET /api/casestudies 200 in 21ms
 ✓ Compiled in 13.4s (4579 modules)
 GET / 200 in 1297ms
 GET / 200 in 1320ms
 GET / 200 in 415ms
 ✓ Compiled in 4.3s (4579 modules)
 GET / 200 in 366ms
 GET / 200 in 298ms
 GET / 200 in 572ms
 ✓ Compiled in 4.6s (4579 modules)
 GET / 200 in 1341ms
 GET / 200 in 1301ms
 GET / 200 in 1244ms
 ✓ Compiled in 4.2s (4579 modules)
 GET / 200 in 1051ms
 GET / 200 in 1083ms
 GET / 200 in 1074ms
 ✓ Compiled in 3s (4579 modules)
 GET / 200 in 264ms
 GET / 200 in 268ms
 GET / 200 in 118ms
 GET / 200 in 2437ms
 GET / 200 in 1487ms
 GET / 200 in 1102ms
 GET / 200 in 1477ms
 GET / 200 in 2656ms
 GET / 200 in 2659ms
 ○ Compiling /api/config ...
 ✓ Compiled /api/config in 1777ms (2389 modules)
prisma:query SELECT 1
prisma:query SELECT `main`.`ServiceCategory`.`id`, `main`.`ServiceCategory`.`labelEn`, `main`.`ServiceCategory`.`labelBn`, `main`.`ServiceCategory`.`order`, `main`.`ServiceCategory`.`isActive` FROM `main`.`ServiceCategory` WHERE 1=1 ORDER BY `main`.`ServiceCategory`.`order` ASC LIMIT ? OFFSET ?
prisma:query SELECT `main`.`ServiceItem`.`id`, `main`.`ServiceItem`.`categoryId`, `main`.`ServiceItem`.`titleEn`, `main`.`ServiceItem`.`titleBn`, `main`.`ServiceItem`.`descEn`, `main`.`ServiceItem`.`descBn`, `main`.`ServiceItem`.`icon`, `main`.`ServiceItem`.`theme`, `main`.`ServiceItem`.`order` FROM `main`.`ServiceItem` WHERE `main`.`ServiceItem`.`categoryId` IN (?,?,?,?) ORDER BY `main`.`ServiceItem`.`order` ASC LIMIT ? OFFSET ?
 GET /api/config 200 in 2024ms
prisma:query SELECT `main`.`ServiceCategory`.`id`, `main`.`ServiceCategory`.`labelEn`, `main`.`ServiceCategory`.`labelBn`, `main`.`ServiceCategory`.`order`, `main`.`ServiceCategory`.`isActive` FROM `main`.`ServiceCategory` WHERE 1=1 ORDER BY `main`.`ServiceCategory`.`order` ASC LIMIT ? OFFSET ?
prisma:query SELECT `main`.`ServiceItem`.`id`, `main`.`ServiceItem`.`categoryId`, `main`.`ServiceItem`.`titleEn`, `main`.`ServiceItem`.`titleBn`, `main`.`ServiceItem`.`descEn`, `main`.`ServiceItem`.`descBn`, `main`.`ServiceItem`.`icon`, `main`.`ServiceItem`.`theme`, `main`.`ServiceItem`.`order` FROM `main`.`ServiceItem` WHERE `main`.`ServiceItem`.`categoryId` IN (?,?,?,?) ORDER BY `main`.`ServiceItem`.`order` ASC LIMIT ? OFFSET ?
 GET /api/config 200 in 38ms
prisma:query SELECT `main`.`ServiceCategory`.`id`, `main`.`ServiceCategory`.`labelEn`, `main`.`ServiceCategory`.`labelBn`, `main`.`ServiceCategory`.`order`, `main`.`ServiceCategory`.`isActive` FROM `main`.`ServiceCategory` WHERE 1=1 ORDER BY `main`.`ServiceCategory`.`order` ASC LIMIT ? OFFSET ?
prisma:query SELECT `main`.`ServiceItem`.`id`, `main`.`ServiceItem`.`categoryId`, `main`.`ServiceItem`.`titleEn`, `main`.`ServiceItem`.`titleBn`, `main`.`ServiceItem`.`descEn`, `main`.`ServiceItem`.`descBn`, `main`.`ServiceItem`.`icon`, `main`.`ServiceItem`.`theme`, `main`.`ServiceItem`.`order` FROM `main`.`ServiceItem` WHERE `main`.`ServiceItem`.`categoryId` IN (?,?,?,?) ORDER BY `main`.`ServiceItem`.`order` ASC LIMIT ? OFFSET ?
 GET /api/config 200 in 30ms
prisma:query SELECT `main`.`ServiceCategory`.`id`, `main`.`ServiceCategory`.`labelEn`, `main`.`ServiceCategory`.`labelBn`, `main`.`ServiceCategory`.`order`, `main`.`ServiceCategory`.`isActive` FROM `main`.`ServiceCategory` WHERE 1=1 ORDER BY `main`.`ServiceCategory`.`order` ASC LIMIT ? OFFSET ?
prisma:query SELECT `main`.`ServiceItem`.`id`, `main`.`ServiceItem`.`categoryId`, `main`.`ServiceItem`.`titleEn`, `main`.`ServiceItem`.`titleBn`, `main`.`ServiceItem`.`descEn`, `main`.`ServiceItem`.`descBn`, `main`.`ServiceItem`.`icon`, `main`.`ServiceItem`.`theme`, `main`.`ServiceItem`.`order` FROM `main`.`ServiceItem` WHERE `main`.`ServiceItem`.`categoryId` IN (?,?,?,?) ORDER BY `main`.`ServiceItem`.`order` ASC LIMIT ? OFFSET ?
 GET /api/config 200 in 23ms
 ○ Compiling /api/casestudies ...
 ✓ Compiled /api/casestudies in 531ms (2391 modules)
prisma:query SELECT `main`.`CaseStudy`.`id`, `main`.`CaseStudy`.`titleEn`, `main`.`CaseStudy`.`titleBn`, `main`.`CaseStudy`.`clientEn`, `main`.`CaseStudy`.`clientBn`, `main`.`CaseStudy`.`categoryId`, `main`.`CaseStudy`.`summaryEn`, `main`.`CaseStudy`.`summaryBn`, `main`.`CaseStudy`.`metricsEn`, `main`.`CaseStudy`.`metricsBn`, `main`.`CaseStudy`.`challengeEn`, `main`.`CaseStudy`.`challengeBn`, `main`.`CaseStudy`.`solutionEn`, `main`.`CaseStudy`.`solutionBn`, `main`.`CaseStudy`.`img`, `main`.`CaseStudy`.`order`, `main`.`CaseStudy`.`isActive` FROM `main`.`CaseStudy` WHERE 1=1 ORDER BY `main`.`CaseStudy`.`order` ASC LIMIT ? OFFSET ?
 GET /api/casestudies 200 in 688ms
prisma:query SELECT `main`.`CaseStudy`.`id`, `main`.`CaseStudy`.`titleEn`, `main`.`CaseStudy`.`titleBn`, `main`.`CaseStudy`.`clientEn`, `main`.`CaseStudy`.`clientBn`, `main`.`CaseStudy`.`categoryId`, `main`.`CaseStudy`.`summaryEn`, `main`.`CaseStudy`.`summaryBn`, `main`.`CaseStudy`.`metricsEn`, `main`.`CaseStudy`.`metricsBn`, `main`.`CaseStudy`.`challengeEn`, `main`.`CaseStudy`.`challengeBn`, `main`.`CaseStudy`.`solutionEn`, `main`.`CaseStudy`.`solutionBn`, `main`.`CaseStudy`.`img`, `main`.`CaseStudy`.`order`, `main`.`CaseStudy`.`isActive` FROM `main`.`CaseStudy` WHERE 1=1 ORDER BY `main`.`CaseStudy`.`order` ASC LIMIT ? OFFSET ?
 GET /api/casestudies 200 in 39ms
 ✓ Compiled in 3.4s (4579 modules)
 GET / 200 in 301ms
 GET / 200 in 32ms
 ✓ Compiled in 2.5s (4579 modules)
 GET / 200 in 456ms
 GET / 200 in 71ms
 GET / 200 in 4076ms
 GET / 200 in 2353ms
 ○ Compiling /api/config ...
 ✓ Compiled /api/config in 3s (2389 modules)
prisma:query SELECT 1
prisma:query SELECT `main`.`ServiceCategory`.`id`, `main`.`ServiceCategory`.`labelEn`, `main`.`ServiceCategory`.`labelBn`, `main`.`ServiceCategory`.`order`, `main`.`ServiceCategory`.`isActive` FROM `main`.`ServiceCategory` WHERE 1=1 ORDER BY `main`.`ServiceCategory`.`order` ASC LIMIT ? OFFSET ?
prisma:query SELECT `main`.`ServiceItem`.`id`, `main`.`ServiceItem`.`categoryId`, `main`.`ServiceItem`.`titleEn`, `main`.`ServiceItem`.`titleBn`, `main`.`ServiceItem`.`descEn`, `main`.`ServiceItem`.`descBn`, `main`.`ServiceItem`.`icon`, `main`.`ServiceItem`.`theme`, `main`.`ServiceItem`.`order` FROM `main`.`ServiceItem` WHERE `main`.`ServiceItem`.`categoryId` IN (?,?,?,?) ORDER BY `main`.`ServiceItem`.`order` ASC LIMIT ? OFFSET ?
 GET /api/config 200 in 3743ms
prisma:query SELECT `main`.`ServiceCategory`.`id`, `main`.`ServiceCategory`.`labelEn`, `main`.`ServiceCategory`.`labelBn`, `main`.`ServiceCategory`.`order`, `main`.`ServiceCategory`.`isActive` FROM `main`.`ServiceCategory` WHERE 1=1 ORDER BY `main`.`ServiceCategory`.`order` ASC LIMIT ? OFFSET ?
prisma:query SELECT `main`.`ServiceItem`.`id`, `main`.`ServiceItem`.`categoryId`, `main`.`ServiceItem`.`titleEn`, `main`.`ServiceItem`.`titleBn`, `main`.`ServiceItem`.`descEn`, `main`.`ServiceItem`.`descBn`, `main`.`ServiceItem`.`icon`, `main`.`ServiceItem`.`theme`, `main`.`ServiceItem`.`order` FROM `main`.`ServiceItem` WHERE `main`.`ServiceItem`.`categoryId` IN (?,?,?,?) ORDER BY `main`.`ServiceItem`.`order` ASC LIMIT ? OFFSET ?
 GET /api/config 200 in 83ms
prisma:query SELECT `main`.`ServiceCategory`.`id`, `main`.`ServiceCategory`.`labelEn`, `main`.`ServiceCategory`.`labelBn`, `main`.`ServiceCategory`.`order`, `main`.`ServiceCategory`.`isActive` FROM `main`.`ServiceCategory` WHERE 1=1 ORDER BY `main`.`ServiceCategory`.`order` ASC LIMIT ? OFFSET ?
prisma:query SELECT `main`.`ServiceItem`.`id`, `main`.`ServiceItem`.`categoryId`, `main`.`ServiceItem`.`titleEn`, `main`.`ServiceItem`.`titleBn`, `main`.`ServiceItem`.`descEn`, `main`.`ServiceItem`.`descBn`, `main`.`ServiceItem`.`icon`, `main`.`ServiceItem`.`theme`, `main`.`ServiceItem`.`order` FROM `main`.`ServiceItem` WHERE `main`.`ServiceItem`.`categoryId` IN (?,?,?,?) ORDER BY `main`.`ServiceItem`.`order` ASC LIMIT ? OFFSET ?
 GET /api/config 200 in 83ms
prisma:query SELECT `main`.`ServiceCategory`.`id`, `main`.`ServiceCategory`.`labelEn`, `main`.`ServiceCategory`.`labelBn`, `main`.`ServiceCategory`.`order`, `main`.`ServiceCategory`.`isActive` FROM `main`.`ServiceCategory` WHERE 1=1 ORDER BY `main`.`ServiceCategory`.`order` ASC LIMIT ? OFFSET ?
prisma:query SELECT `main`.`ServiceItem`.`id`, `main`.`ServiceItem`.`categoryId`, `main`.`ServiceItem`.`titleEn`, `main`.`ServiceItem`.`titleBn`, `main`.`ServiceItem`.`descEn`, `main`.`ServiceItem`.`descBn`, `main`.`ServiceItem`.`icon`, `main`.`ServiceItem`.`theme`, `main`.`ServiceItem`.`order` FROM `main`.`ServiceItem` WHERE `main`.`ServiceItem`.`categoryId` IN (?,?,?,?) ORDER BY `main`.`ServiceItem`.`order` ASC LIMIT ? OFFSET ?
 GET /api/config 200 in 75ms
 ○ Compiling /api/casestudies ...
 ✓ Compiled /api/casestudies in 2.3s (2391 modules)
prisma:query SELECT `main`.`CaseStudy`.`id`, `main`.`CaseStudy`.`titleEn`, `main`.`CaseStudy`.`titleBn`, `main`.`CaseStudy`.`clientEn`, `main`.`CaseStudy`.`clientBn`, `main`.`CaseStudy`.`categoryId`, `main`.`CaseStudy`.`summaryEn`, `main`.`CaseStudy`.`summaryBn`, `main`.`CaseStudy`.`metricsEn`, `main`.`CaseStudy`.`metricsBn`, `main`.`CaseStudy`.`challengeEn`, `main`.`CaseStudy`.`challengeBn`, `main`.`CaseStudy`.`solutionEn`, `main`.`CaseStudy`.`solutionBn`, `main`.`CaseStudy`.`img`, `main`.`CaseStudy`.`order`, `main`.`CaseStudy`.`isActive` FROM `main`.`CaseStudy` WHERE 1=1 ORDER BY `main`.`CaseStudy`.`order` ASC LIMIT ? OFFSET ?
 GET /api/casestudies 200 in 3049ms
prisma:query SELECT `main`.`CaseStudy`.`id`, `main`.`CaseStudy`.`titleEn`, `main`.`CaseStudy`.`titleBn`, `main`.`CaseStudy`.`clientEn`, `main`.`CaseStudy`.`clientBn`, `main`.`CaseStudy`.`categoryId`, `main`.`CaseStudy`.`summaryEn`, `main`.`CaseStudy`.`summaryBn`, `main`.`CaseStudy`.`metricsEn`, `main`.`CaseStudy`.`metricsBn`, `main`.`CaseStudy`.`challengeEn`, `main`.`CaseStudy`.`challengeBn`, `main`.`CaseStudy`.`solutionEn`, `main`.`CaseStudy`.`solutionBn`, `main`.`CaseStudy`.`img`, `main`.`CaseStudy`.`order`, `main`.`CaseStudy`.`isActive` FROM `main`.`CaseStudy` WHERE 1=1 ORDER BY `main`.`CaseStudy`.`order` ASC LIMIT ? OFFSET ?
 GET /api/casestudies 200 in 301ms
 GET / 200 in 3915ms
 ○ Compiling /favicon.ico ...
 ✓ Compiled /favicon.ico in 1237ms (2393 modules)
 GET /favicon.ico 200 in 1941ms
prisma:query SELECT `main`.`ServiceCategory`.`id`, `main`.`ServiceCategory`.`labelEn`, `main`.`ServiceCategory`.`labelBn`, `main`.`ServiceCategory`.`order`, `main`.`ServiceCategory`.`isActive` FROM `main`.`ServiceCategory` WHERE 1=1 ORDER BY `main`.`ServiceCategory`.`order` ASC LIMIT ? OFFSET ?
prisma:query SELECT `main`.`ServiceItem`.`id`, `main`.`ServiceItem`.`categoryId`, `main`.`ServiceItem`.`titleEn`, `main`.`ServiceItem`.`titleBn`, `main`.`ServiceItem`.`descEn`, `main`.`ServiceItem`.`descBn`, `main`.`ServiceItem`.`icon`, `main`.`ServiceItem`.`theme`, `main`.`ServiceItem`.`order` FROM `main`.`ServiceItem` WHERE `main`.`ServiceItem`.`categoryId` IN (?,?,?,?) ORDER BY `main`.`ServiceItem`.`order` ASC LIMIT ? OFFSET ?
 GET /api/config 200 in 1240ms
prisma:query SELECT `main`.`ServiceCategory`.`id`, `main`.`ServiceCategory`.`labelEn`, `main`.`ServiceCategory`.`labelBn`, `main`.`ServiceCategory`.`order`, `main`.`ServiceCategory`.`isActive` FROM `main`.`ServiceCategory` WHERE 1=1 ORDER BY `main`.`ServiceCategory`.`order` ASC LIMIT ? OFFSET ?
prisma:query SELECT `main`.`ServiceItem`.`id`, `main`.`ServiceItem`.`categoryId`, `main`.`ServiceItem`.`titleEn`, `main`.`ServiceItem`.`titleBn`, `main`.`ServiceItem`.`descEn`, `main`.`ServiceItem`.`descBn`, `main`.`ServiceItem`.`icon`, `main`.`ServiceItem`.`theme`, `main`.`ServiceItem`.`order` FROM `main`.`ServiceItem` WHERE `main`.`ServiceItem`.`categoryId` IN (?,?,?,?) ORDER BY `main`.`ServiceItem`.`order` ASC LIMIT ? OFFSET ?
 GET /api/config 200 in 45ms
prisma:query SELECT `main`.`ServiceCategory`.`id`, `main`.`ServiceCategory`.`labelEn`, `main`.`ServiceCategory`.`labelBn`, `main`.`ServiceCategory`.`order`, `main`.`ServiceCategory`.`isActive` FROM `main`.`ServiceCategory` WHERE 1=1 ORDER BY `main`.`ServiceCategory`.`order` ASC LIMIT ? OFFSET ?
prisma:query SELECT `main`.`ServiceItem`.`id`, `main`.`ServiceItem`.`categoryId`, `main`.`ServiceItem`.`titleEn`, `main`.`ServiceItem`.`titleBn`, `main`.`ServiceItem`.`descEn`, `main`.`ServiceItem`.`descBn`, `main`.`ServiceItem`.`icon`, `main`.`ServiceItem`.`theme`, `main`.`ServiceItem`.`order` FROM `main`.`ServiceItem` WHERE `main`.`ServiceItem`.`categoryId` IN (?,?,?,?) ORDER BY `main`.`ServiceItem`.`order` ASC LIMIT ? OFFSET ?
 GET /api/config 200 in 33ms
prisma:query SELECT `main`.`ServiceCategory`.`id`, `main`.`ServiceCategory`.`labelEn`, `main`.`ServiceCategory`.`labelBn`, `main`.`ServiceCategory`.`order`, `main`.`ServiceCategory`.`isActive` FROM `main`.`ServiceCategory` WHERE 1=1 ORDER BY `main`.`ServiceCategory`.`order` ASC LIMIT ? OFFSET ?
prisma:query SELECT `main`.`ServiceItem`.`id`, `main`.`ServiceItem`.`categoryId`, `main`.`ServiceItem`.`titleEn`, `main`.`ServiceItem`.`titleBn`, `main`.`ServiceItem`.`descEn`, `main`.`ServiceItem`.`descBn`, `main`.`ServiceItem`.`icon`, `main`.`ServiceItem`.`theme`, `main`.`ServiceItem`.`order` FROM `main`.`ServiceItem` WHERE `main`.`ServiceItem`.`categoryId` IN (?,?,?,?) ORDER BY `main`.`ServiceItem`.`order` ASC LIMIT ? OFFSET ?
 GET /api/config 200 in 21ms
prisma:query SELECT `main`.`CaseStudy`.`id`, `main`.`CaseStudy`.`titleEn`, `main`.`CaseStudy`.`titleBn`, `main`.`CaseStudy`.`clientEn`, `main`.`CaseStudy`.`clientBn`, `main`.`CaseStudy`.`categoryId`, `main`.`CaseStudy`.`summaryEn`, `main`.`CaseStudy`.`summaryBn`, `main`.`CaseStudy`.`metricsEn`, `main`.`CaseStudy`.`metricsBn`, `main`.`CaseStudy`.`challengeEn`, `main`.`CaseStudy`.`challengeBn`, `main`.`CaseStudy`.`solutionEn`, `main`.`CaseStudy`.`solutionBn`, `main`.`CaseStudy`.`img`, `main`.`CaseStudy`.`order`, `main`.`CaseStudy`.`isActive` FROM `main`.`CaseStudy` WHERE 1=1 ORDER BY `main`.`CaseStudy`.`order` ASC LIMIT ? OFFSET ?
 GET /api/casestudies 200 in 48ms
prisma:query SELECT `main`.`CaseStudy`.`id`, `main`.`CaseStudy`.`titleEn`, `main`.`CaseStudy`.`titleBn`, `main`.`CaseStudy`.`clientEn`, `main`.`CaseStudy`.`clientBn`, `main`.`CaseStudy`.`categoryId`, `main`.`CaseStudy`.`summaryEn`, `main`.`CaseStudy`.`summaryBn`, `main`.`CaseStudy`.`metricsEn`, `main`.`CaseStudy`.`metricsBn`, `main`.`CaseStudy`.`challengeEn`, `main`.`CaseStudy`.`challengeBn`, `main`.`CaseStudy`.`solutionEn`, `main`.`CaseStudy`.`solutionBn`, `main`.`CaseStudy`.`img`, `main`.`CaseStudy`.`order`, `main`.`CaseStudy`.`isActive` FROM `main`.`CaseStudy` WHERE 1=1 ORDER BY `main`.`CaseStudy`.`order` ASC LIMIT ? OFFSET ?
 GET /api/casestudies 200 in 34ms
 GET / 200 in 2176ms
 GET /favicon.ico 200 in 16ms
prisma:query SELECT 1
prisma:query SELECT `main`.`ServiceCategory`.`id`, `main`.`ServiceCategory`.`labelEn`, `main`.`ServiceCategory`.`labelBn`, `main`.`ServiceCategory`.`order`, `main`.`ServiceCategory`.`isActive` FROM `main`.`ServiceCategory` WHERE 1=1 ORDER BY `main`.`ServiceCategory`.`order` ASC LIMIT ? OFFSET ?
prisma:query SELECT `main`.`ServiceItem`.`id`, `main`.`ServiceItem`.`categoryId`, `main`.`ServiceItem`.`titleEn`, `main`.`ServiceItem`.`titleBn`, `main`.`ServiceItem`.`descEn`, `main`.`ServiceItem`.`descBn`, `main`.`ServiceItem`.`icon`, `main`.`ServiceItem`.`theme`, `main`.`ServiceItem`.`order` FROM `main`.`ServiceItem` WHERE `main`.`ServiceItem`.`categoryId` IN (?,?,?,?) ORDER BY `main`.`ServiceItem`.`order` ASC LIMIT ? OFFSET ?
 GET /api/config 200 in 27ms
prisma:query SELECT `main`.`ServiceCategory`.`id`, `main`.`ServiceCategory`.`labelEn`, `main`.`ServiceCategory`.`labelBn`, `main`.`ServiceCategory`.`order`, `main`.`ServiceCategory`.`isActive` FROM `main`.`ServiceCategory` WHERE 1=1 ORDER BY `main`.`ServiceCategory`.`order` ASC LIMIT ? OFFSET ?
prisma:query SELECT `main`.`ServiceItem`.`id`, `main`.`ServiceItem`.`categoryId`, `main`.`ServiceItem`.`titleEn`, `main`.`ServiceItem`.`titleBn`, `main`.`ServiceItem`.`descEn`, `main`.`ServiceItem`.`descBn`, `main`.`ServiceItem`.`icon`, `main`.`ServiceItem`.`theme`, `main`.`ServiceItem`.`order` FROM `main`.`ServiceItem` WHERE `main`.`ServiceItem`.`categoryId` IN (?,?,?,?) ORDER BY `main`.`ServiceItem`.`order` ASC LIMIT ? OFFSET ?
 GET /api/config 200 in 24ms
prisma:query SELECT `main`.`ServiceCategory`.`id`, `main`.`ServiceCategory`.`labelEn`, `main`.`ServiceCategory`.`labelBn`, `main`.`ServiceCategory`.`order`, `main`.`ServiceCategory`.`isActive` FROM `main`.`ServiceCategory` WHERE 1=1 ORDER BY `main`.`ServiceCategory`.`order` ASC LIMIT ? OFFSET ?
prisma:query SELECT `main`.`ServiceItem`.`id`, `main`.`ServiceItem`.`categoryId`, `main`.`ServiceItem`.`titleEn`, `main`.`ServiceItem`.`titleBn`, `main`.`ServiceItem`.`descEn`, `main`.`ServiceItem`.`descBn`, `main`.`ServiceItem`.`icon`, `main`.`ServiceItem`.`theme`, `main`.`ServiceItem`.`order` FROM `main`.`ServiceItem` WHERE `main`.`ServiceItem`.`categoryId` IN (?,?,?,?) ORDER BY `main`.`ServiceItem`.`order` ASC LIMIT ? OFFSET ?
 GET /api/config 200 in 84ms
prisma:query SELECT `main`.`CaseStudy`.`id`, `main`.`CaseStudy`.`titleEn`, `main`.`CaseStudy`.`titleBn`, `main`.`CaseStudy`.`clientEn`, `main`.`CaseStudy`.`clientBn`, `main`.`CaseStudy`.`categoryId`, `main`.`CaseStudy`.`summaryEn`, `main`.`CaseStudy`.`summaryBn`, `main`.`CaseStudy`.`metricsEn`, `main`.`CaseStudy`.`metricsBn`, `main`.`CaseStudy`.`challengeEn`, `main`.`CaseStudy`.`challengeBn`, `main`.`CaseStudy`.`solutionEn`, `main`.`CaseStudy`.`solutionBn`, `main`.`CaseStudy`.`img`, `main`.`CaseStudy`.`order`, `main`.`CaseStudy`.`isActive` FROM `main`.`CaseStudy` WHERE 1=1 ORDER BY `main`.`CaseStudy`.`order` ASC LIMIT ? OFFSET ?
 GET /api/casestudies 200 in 44ms
prisma:query SELECT `main`.`ServiceCategory`.`id`, `main`.`ServiceCategory`.`labelEn`, `main`.`ServiceCategory`.`labelBn`, `main`.`ServiceCategory`.`order`, `main`.`ServiceCategory`.`isActive` FROM `main`.`ServiceCategory` WHERE 1=1 ORDER BY `main`.`ServiceCategory`.`order` ASC LIMIT ? OFFSET ?
prisma:query SELECT `main`.`ServiceItem`.`id`, `main`.`ServiceItem`.`categoryId`, `main`.`ServiceItem`.`titleEn`, `main`.`ServiceItem`.`titleBn`, `main`.`ServiceItem`.`descEn`, `main`.`ServiceItem`.`descBn`, `main`.`ServiceItem`.`icon`, `main`.`ServiceItem`.`theme`, `main`.`ServiceItem`.`order` FROM `main`.`ServiceItem` WHERE `main`.`ServiceItem`.`categoryId` IN (?,?,?,?) ORDER BY `main`.`ServiceItem`.`order` ASC LIMIT ? OFFSET ?
 GET /api/config 200 in 80ms
prisma:query SELECT `main`.`CaseStudy`.`id`, `main`.`CaseStudy`.`titleEn`, `main`.`CaseStudy`.`titleBn`, `main`.`CaseStudy`.`clientEn`, `main`.`CaseStudy`.`clientBn`, `main`.`CaseStudy`.`categoryId`, `main`.`CaseStudy`.`summaryEn`, `main`.`CaseStudy`.`summaryBn`, `main`.`CaseStudy`.`metricsEn`, `main`.`CaseStudy`.`metricsBn`, `main`.`CaseStudy`.`challengeEn`, `main`.`CaseStudy`.`challengeBn`, `main`.`CaseStudy`.`solutionEn`, `main`.`CaseStudy`.`solutionBn`, `main`.`CaseStudy`.`img`, `main`.`CaseStudy`.`order`, `main`.`CaseStudy`.`isActive` FROM `main`.`CaseStudy` WHERE 1=1 ORDER BY `main`.`CaseStudy`.`order` ASC LIMIT ? OFFSET ?
 GET /api/casestudies 200 in 27ms
 ✓ Compiled in 15.1s (4579 modules)
 GET / 200 in 687ms
 GET / 200 in 796ms
 ⚠ Fast Refresh had to perform a full reload due to a runtime error.
 GET / 200 in 259ms
 ⚠ Fast Refresh had to perform a full reload due to a runtime error.
 GET / 200 in 2572ms
 ⚠ Fast Refresh had to perform a full reload due to a runtime error.
 GET / 200 in 3293ms
 GET / 200 in 1869ms
 ○ Compiling /favicon.ico ...
 ✓ Compiled /favicon.ico in 662ms (2385 modules)
 GET /favicon.ico 200 in 939ms
 ○ Compiling /api/config ...
 ✓ Compiled /api/config in 832ms (2391 modules)
 GET /favicon.ico 200 in 1708ms
prisma:query SELECT 1
prisma:query SELECT 1
prisma:query SELECT `main`.`ServiceCategory`.`id`, `main`.`ServiceCategory`.`labelEn`, `main`.`ServiceCategory`.`labelBn`, `main`.`ServiceCategory`.`order`, `main`.`ServiceCategory`.`isActive` FROM `main`.`ServiceCategory` WHERE 1=1 ORDER BY `main`.`ServiceCategory`.`order` ASC LIMIT ? OFFSET ?
prisma:query SELECT `main`.`ServiceItem`.`id`, `main`.`ServiceItem`.`categoryId`, `main`.`ServiceItem`.`titleEn`, `main`.`ServiceItem`.`titleBn`, `main`.`ServiceItem`.`descEn`, `main`.`ServiceItem`.`descBn`, `main`.`ServiceItem`.`icon`, `main`.`ServiceItem`.`theme`, `main`.`ServiceItem`.`order` FROM `main`.`ServiceItem` WHERE `main`.`ServiceItem`.`categoryId` IN (?,?,?,?) ORDER BY `main`.`ServiceItem`.`order` ASC LIMIT ? OFFSET ?
prisma:query SELECT `main`.`ServiceCategory`.`id`, `main`.`ServiceCategory`.`labelEn`, `main`.`ServiceCategory`.`labelBn`, `main`.`ServiceCategory`.`order`, `main`.`ServiceCategory`.`isActive` FROM `main`.`ServiceCategory` WHERE 1=1 ORDER BY `main`.`ServiceCategory`.`order` ASC LIMIT ? OFFSET ?
prisma:query SELECT `main`.`ServiceItem`.`id`, `main`.`ServiceItem`.`categoryId`, `main`.`ServiceItem`.`titleEn`, `main`.`ServiceItem`.`titleBn`, `main`.`ServiceItem`.`descEn`, `main`.`ServiceItem`.`descBn`, `main`.`ServiceItem`.`icon`, `main`.`ServiceItem`.`theme`, `main`.`ServiceItem`.`order` FROM `main`.`ServiceItem` WHERE `main`.`ServiceItem`.`categoryId` IN (?,?,?,?) ORDER BY `main`.`ServiceItem`.`order` ASC LIMIT ? OFFSET ?
 GET /api/config 200 in 1747ms
 GET /api/config 200 in 818ms
prisma:query SELECT `main`.`ServiceCategory`.`id`, `main`.`ServiceCategory`.`labelEn`, `main`.`ServiceCategory`.`labelBn`, `main`.`ServiceCategory`.`order`, `main`.`ServiceCategory`.`isActive` FROM `main`.`ServiceCategory` WHERE 1=1 ORDER BY `main`.`ServiceCategory`.`order` ASC LIMIT ? OFFSET ?
prisma:query SELECT `main`.`ServiceItem`.`id`, `main`.`ServiceItem`.`categoryId`, `main`.`ServiceItem`.`titleEn`, `main`.`ServiceItem`.`titleBn`, `main`.`ServiceItem`.`descEn`, `main`.`ServiceItem`.`descBn`, `main`.`ServiceItem`.`icon`, `main`.`ServiceItem`.`theme`, `main`.`ServiceItem`.`order` FROM `main`.`ServiceItem` WHERE `main`.`ServiceItem`.`categoryId` IN (?,?,?,?) ORDER BY `main`.`ServiceItem`.`order` ASC LIMIT ? OFFSET ?
 GET /api/config 200 in 1754ms
prisma:query SELECT `main`.`ServiceCategory`.`id`, `main`.`ServiceCategory`.`labelEn`, `main`.`ServiceCategory`.`labelBn`, `main`.`ServiceCategory`.`order`, `main`.`ServiceCategory`.`isActive` FROM `main`.`ServiceCategory` WHERE 1=1 ORDER BY `main`.`ServiceCategory`.`order` ASC LIMIT ? OFFSET ?
prisma:query SELECT `main`.`ServiceCategory`.`id`, `main`.`ServiceCategory`.`labelEn`, `main`.`ServiceCategory`.`labelBn`, `main`.`ServiceCategory`.`order`, `main`.`ServiceCategory`.`isActive` FROM `main`.`ServiceCategory` WHERE 1=1 ORDER BY `main`.`ServiceCategory`.`order` ASC LIMIT ? OFFSET ?
prisma:query SELECT `main`.`ServiceItem`.`id`, `main`.`ServiceItem`.`categoryId`, `main`.`ServiceItem`.`titleEn`, `main`.`ServiceItem`.`titleBn`, `main`.`ServiceItem`.`descEn`, `main`.`ServiceItem`.`descBn`, `main`.`ServiceItem`.`icon`, `main`.`ServiceItem`.`theme`, `main`.`ServiceItem`.`order` FROM `main`.`ServiceItem` WHERE `main`.`ServiceItem`.`categoryId` IN (?,?,?,?) ORDER BY `main`.`ServiceItem`.`order` ASC LIMIT ? OFFSET ?
prisma:query SELECT `main`.`ServiceItem`.`id`, `main`.`ServiceItem`.`categoryId`, `main`.`ServiceItem`.`titleEn`, `main`.`ServiceItem`.`titleBn`, `main`.`ServiceItem`.`descEn`, `main`.`ServiceItem`.`descBn`, `main`.`ServiceItem`.`icon`, `main`.`ServiceItem`.`theme`, `main`.`ServiceItem`.`order` FROM `main`.`ServiceItem` WHERE `main`.`ServiceItem`.`categoryId` IN (?,?,?,?) ORDER BY `main`.`ServiceItem`.`order` ASC LIMIT ? OFFSET ?
 GET /api/config 200 in 26ms
 GET /api/config 200 in 29ms
prisma:query SELECT `main`.`ServiceCategory`.`id`, `main`.`ServiceCategory`.`labelEn`, `main`.`ServiceCategory`.`labelBn`, `main`.`ServiceCategory`.`order`, `main`.`ServiceCategory`.`isActive` FROM `main`.`ServiceCategory` WHERE 1=1 ORDER BY `main`.`ServiceCategory`.`order` ASC LIMIT ? OFFSET ?
prisma:query SELECT `main`.`ServiceItem`.`id`, `main`.`ServiceItem`.`categoryId`, `main`.`ServiceItem`.`titleEn`, `main`.`ServiceItem`.`titleBn`, `main`.`ServiceItem`.`descEn`, `main`.`ServiceItem`.`descBn`, `main`.`ServiceItem`.`icon`, `main`.`ServiceItem`.`theme`, `main`.`ServiceItem`.`order` FROM `main`.`ServiceItem` WHERE `main`.`ServiceItem`.`categoryId` IN (?,?,?,?) ORDER BY `main`.`ServiceItem`.`order` ASC LIMIT ? OFFSET ?
 GET /api/config 200 in 37ms
 ○ Compiling /api/casestudies ...
 ✓ Compiled /api/casestudies in 1177ms (2393 modules)
prisma:query SELECT `main`.`ServiceCategory`.`id`, `main`.`ServiceCategory`.`labelEn`, `main`.`ServiceCategory`.`labelBn`, `main`.`ServiceCategory`.`order`, `main`.`ServiceCategory`.`isActive` FROM `main`.`ServiceCategory` WHERE 1=1 ORDER BY `main`.`ServiceCategory`.`order` ASC LIMIT ? OFFSET ?
prisma:query SELECT `main`.`ServiceCategory`.`id`, `main`.`ServiceCategory`.`labelEn`, `main`.`ServiceCategory`.`labelBn`, `main`.`ServiceCategory`.`order`, `main`.`ServiceCategory`.`isActive` FROM `main`.`ServiceCategory` WHERE 1=1 ORDER BY `main`.`ServiceCategory`.`order` ASC LIMIT ? OFFSET ?
prisma:query SELECT `main`.`ServiceItem`.`id`, `main`.`ServiceItem`.`categoryId`, `main`.`ServiceItem`.`titleEn`, `main`.`ServiceItem`.`titleBn`, `main`.`ServiceItem`.`descEn`, `main`.`ServiceItem`.`descBn`, `main`.`ServiceItem`.`icon`, `main`.`ServiceItem`.`theme`, `main`.`ServiceItem`.`order` FROM `main`.`ServiceItem` WHERE `main`.`ServiceItem`.`categoryId` IN (?,?,?,?) ORDER BY `main`.`ServiceItem`.`order` ASC LIMIT ? OFFSET ?
prisma:query SELECT `main`.`ServiceItem`.`id`, `main`.`ServiceItem`.`categoryId`, `main`.`ServiceItem`.`titleEn`, `main`.`ServiceItem`.`titleBn`, `main`.`ServiceItem`.`descEn`, `main`.`ServiceItem`.`descBn`, `main`.`ServiceItem`.`icon`, `main`.`ServiceItem`.`theme`, `main`.`ServiceItem`.`order` FROM `main`.`ServiceItem` WHERE `main`.`ServiceItem`.`categoryId` IN (?,?,?,?) ORDER BY `main`.`ServiceItem`.`order` ASC LIMIT ? OFFSET ?
 GET /api/config 200 in 1655ms
 GET /api/config 200 in 1658ms
prisma:query SELECT `main`.`ServiceCategory`.`id`, `main`.`ServiceCategory`.`labelEn`, `main`.`ServiceCategory`.`labelBn`, `main`.`ServiceCategory`.`order`, `main`.`ServiceCategory`.`isActive` FROM `main`.`ServiceCategory` WHERE 1=1 ORDER BY `main`.`ServiceCategory`.`order` ASC LIMIT ? OFFSET ?
prisma:query SELECT `main`.`ServiceItem`.`id`, `main`.`ServiceItem`.`categoryId`, `main`.`ServiceItem`.`titleEn`, `main`.`ServiceItem`.`titleBn`, `main`.`ServiceItem`.`descEn`, `main`.`ServiceItem`.`descBn`, `main`.`ServiceItem`.`icon`, `main`.`ServiceItem`.`theme`, `main`.`ServiceItem`.`order` FROM `main`.`ServiceItem` WHERE `main`.`ServiceItem`.`categoryId` IN (?,?,?,?) ORDER BY `main`.`ServiceItem`.`order` ASC LIMIT ? OFFSET ?
prisma:query SELECT `main`.`CaseStudy`.`id`, `main`.`CaseStudy`.`titleEn`, `main`.`CaseStudy`.`titleBn`, `main`.`CaseStudy`.`clientEn`, `main`.`CaseStudy`.`clientBn`, `main`.`CaseStudy`.`categoryId`, `main`.`CaseStudy`.`summaryEn`, `main`.`CaseStudy`.`summaryBn`, `main`.`CaseStudy`.`metricsEn`, `main`.`CaseStudy`.`metricsBn`, `main`.`CaseStudy`.`challengeEn`, `main`.`CaseStudy`.`challengeBn`, `main`.`CaseStudy`.`solutionEn`, `main`.`CaseStudy`.`solutionBn`, `main`.`CaseStudy`.`img`, `main`.`CaseStudy`.`order`, `main`.`CaseStudy`.`isActive` FROM `main`.`CaseStudy` WHERE 1=1 ORDER BY `main`.`CaseStudy`.`order` ASC LIMIT ? OFFSET ?
prisma:query SELECT `main`.`CaseStudy`.`id`, `main`.`CaseStudy`.`titleEn`, `main`.`CaseStudy`.`titleBn`, `main`.`CaseStudy`.`clientEn`, `main`.`CaseStudy`.`clientBn`, `main`.`CaseStudy`.`categoryId`, `main`.`CaseStudy`.`summaryEn`, `main`.`CaseStudy`.`summaryBn`, `main`.`CaseStudy`.`metricsEn`, `main`.`CaseStudy`.`metricsBn`, `main`.`CaseStudy`.`challengeEn`, `main`.`CaseStudy`.`challengeBn`, `main`.`CaseStudy`.`solutionEn`, `main`.`CaseStudy`.`solutionBn`, `main`.`CaseStudy`.`img`, `main`.`CaseStudy`.`order`, `main`.`CaseStudy`.`isActive` FROM `main`.`CaseStudy` WHERE 1=1 ORDER BY `main`.`CaseStudy`.`order` ASC LIMIT ? OFFSET ?
 GET /api/config 200 in 1670ms
 GET /api/casestudies 200 in 1694ms
 GET /api/casestudies 200 in 536ms
prisma:query SELECT `main`.`CaseStudy`.`id`, `main`.`CaseStudy`.`titleEn`, `main`.`CaseStudy`.`titleBn`, `main`.`CaseStudy`.`clientEn`, `main`.`CaseStudy`.`clientBn`, `main`.`CaseStudy`.`categoryId`, `main`.`CaseStudy`.`summaryEn`, `main`.`CaseStudy`.`summaryBn`, `main`.`CaseStudy`.`metricsEn`, `main`.`CaseStudy`.`metricsBn`, `main`.`CaseStudy`.`challengeEn`, `main`.`CaseStudy`.`challengeBn`, `main`.`CaseStudy`.`solutionEn`, `main`.`CaseStudy`.`solutionBn`, `main`.`CaseStudy`.`img`, `main`.`CaseStudy`.`order`, `main`.`CaseStudy`.`isActive` FROM `main`.`CaseStudy` WHERE 1=1 ORDER BY `main`.`CaseStudy`.`order` ASC LIMIT ? OFFSET ?
 GET /api/casestudies 200 in 1675ms
prisma:query SELECT `main`.`ServiceCategory`.`id`, `main`.`ServiceCategory`.`labelEn`, `main`.`ServiceCategory`.`labelBn`, `main`.`ServiceCategory`.`order`, `main`.`ServiceCategory`.`isActive` FROM `main`.`ServiceCategory` WHERE 1=1 ORDER BY `main`.`ServiceCategory`.`order` ASC LIMIT ? OFFSET ?
prisma:query SELECT `main`.`ServiceCategory`.`id`, `main`.`ServiceCategory`.`labelEn`, `main`.`ServiceCategory`.`labelBn`, `main`.`ServiceCategory`.`order`, `main`.`ServiceCategory`.`isActive` FROM `main`.`ServiceCategory` WHERE 1=1 ORDER BY `main`.`ServiceCategory`.`order` ASC LIMIT ? OFFSET ?
prisma:query SELECT `main`.`ServiceItem`.`id`, `main`.`ServiceItem`.`categoryId`, `main`.`ServiceItem`.`titleEn`, `main`.`ServiceItem`.`titleBn`, `main`.`ServiceItem`.`descEn`, `main`.`ServiceItem`.`descBn`, `main`.`ServiceItem`.`icon`, `main`.`ServiceItem`.`theme`, `main`.`ServiceItem`.`order` FROM `main`.`ServiceItem` WHERE `main`.`ServiceItem`.`categoryId` IN (?,?,?,?) ORDER BY `main`.`ServiceItem`.`order` ASC LIMIT ? OFFSET ?
 GET /api/config 200 in 58ms
prisma:query SELECT `main`.`ServiceItem`.`id`, `main`.`ServiceItem`.`categoryId`, `main`.`ServiceItem`.`titleEn`, `main`.`ServiceItem`.`titleBn`, `main`.`ServiceItem`.`descEn`, `main`.`ServiceItem`.`descBn`, `main`.`ServiceItem`.`icon`, `main`.`ServiceItem`.`theme`, `main`.`ServiceItem`.`order` FROM `main`.`ServiceItem` WHERE `main`.`ServiceItem`.`categoryId` IN (?,?,?,?) ORDER BY `main`.`ServiceItem`.`order` ASC LIMIT ? OFFSET ?
 GET /api/config 200 in 61ms
prisma:query SELECT `main`.`ServiceCategory`.`id`, `main`.`ServiceCategory`.`labelEn`, `main`.`ServiceCategory`.`labelBn`, `main`.`ServiceCategory`.`order`, `main`.`ServiceCategory`.`isActive` FROM `main`.`ServiceCategory` WHERE 1=1 ORDER BY `main`.`ServiceCategory`.`order` ASC LIMIT ? OFFSET ?
prisma:query SELECT `main`.`ServiceItem`.`id`, `main`.`ServiceItem`.`categoryId`, `main`.`ServiceItem`.`titleEn`, `main`.`ServiceItem`.`titleBn`, `main`.`ServiceItem`.`descEn`, `main`.`ServiceItem`.`descBn`, `main`.`ServiceItem`.`icon`, `main`.`ServiceItem`.`theme`, `main`.`ServiceItem`.`order` FROM `main`.`ServiceItem` WHERE `main`.`ServiceItem`.`categoryId` IN (?,?,?,?) ORDER BY `main`.`ServiceItem`.`order` ASC LIMIT ? OFFSET ?
 GET /api/config 200 in 32ms
prisma:query SELECT `main`.`CaseStudy`.`id`, `main`.`CaseStudy`.`titleEn`, `main`.`CaseStudy`.`titleBn`, `main`.`CaseStudy`.`clientEn`, `main`.`CaseStudy`.`clientBn`, `main`.`CaseStudy`.`categoryId`, `main`.`CaseStudy`.`summaryEn`, `main`.`CaseStudy`.`summaryBn`, `main`.`CaseStudy`.`metricsEn`, `main`.`CaseStudy`.`metricsBn`, `main`.`CaseStudy`.`challengeEn`, `main`.`CaseStudy`.`challengeBn`, `main`.`CaseStudy`.`solutionEn`, `main`.`CaseStudy`.`solutionBn`, `main`.`CaseStudy`.`img`, `main`.`CaseStudy`.`order`, `main`.`CaseStudy`.`isActive` FROM `main`.`CaseStudy` WHERE 1=1 ORDER BY `main`.`CaseStudy`.`order` ASC LIMIT ? OFFSET ?
prisma:query SELECT `main`.`CaseStudy`.`id`, `main`.`CaseStudy`.`titleEn`, `main`.`CaseStudy`.`titleBn`, `main`.`CaseStudy`.`clientEn`, `main`.`CaseStudy`.`clientBn`, `main`.`CaseStudy`.`categoryId`, `main`.`CaseStudy`.`summaryEn`, `main`.`CaseStudy`.`summaryBn`, `main`.`CaseStudy`.`metricsEn`, `main`.`CaseStudy`.`metricsBn`, `main`.`CaseStudy`.`challengeEn`, `main`.`CaseStudy`.`challengeBn`, `main`.`CaseStudy`.`solutionEn`, `main`.`CaseStudy`.`solutionBn`, `main`.`CaseStudy`.`img`, `main`.`CaseStudy`.`order`, `main`.`CaseStudy`.`isActive` FROM `main`.`CaseStudy` WHERE 1=1 ORDER BY `main`.`CaseStudy`.`order` ASC LIMIT ? OFFSET ?
 GET /api/casestudies 200 in 27ms
 GET /api/casestudies 200 in 31ms
prisma:query SELECT `main`.`CaseStudy`.`id`, `main`.`CaseStudy`.`titleEn`, `main`.`CaseStudy`.`titleBn`, `main`.`CaseStudy`.`clientEn`, `main`.`CaseStudy`.`clientBn`, `main`.`CaseStudy`.`categoryId`, `main`.`CaseStudy`.`summaryEn`, `main`.`CaseStudy`.`summaryBn`, `main`.`CaseStudy`.`metricsEn`, `main`.`CaseStudy`.`metricsBn`, `main`.`CaseStudy`.`challengeEn`, `main`.`CaseStudy`.`challengeBn`, `main`.`CaseStudy`.`solutionEn`, `main`.`CaseStudy`.`solutionBn`, `main`.`CaseStudy`.`img`, `main`.`CaseStudy`.`order`, `main`.`CaseStudy`.`isActive` FROM `main`.`CaseStudy` WHERE 1=1 ORDER BY `main`.`CaseStudy`.`order` ASC LIMIT ? OFFSET ?
 GET /api/casestudies 200 in 30ms
 ✓ Compiled in 4.2s (4604 modules)
 ⚠ Fast Refresh had to perform a full reload due to a runtime error.
 ⚠ Fast Refresh had to perform a full reload due to a runtime error.
 GET / 200 in 4889ms
 GET / 200 in 4850ms
 GET / 200 in 5046ms
 GET /favicon.ico 200 in 35ms
 GET /favicon.ico 200 in 21ms
prisma:query SELECT 1
prisma:query SELECT `main`.`ServiceCategory`.`id`, `main`.`ServiceCategory`.`labelEn`, `main`.`ServiceCategory`.`labelBn`, `main`.`ServiceCategory`.`order`, `main`.`ServiceCategory`.`isActive` FROM `main`.`ServiceCategory` WHERE 1=1 ORDER BY `main`.`ServiceCategory`.`order` ASC LIMIT ? OFFSET ?
prisma:query SELECT `main`.`ServiceItem`.`id`, `main`.`ServiceItem`.`categoryId`, `main`.`ServiceItem`.`titleEn`, `main`.`ServiceItem`.`titleBn`, `main`.`ServiceItem`.`descEn`, `main`.`ServiceItem`.`descBn`, `main`.`ServiceItem`.`icon`, `main`.`ServiceItem`.`theme`, `main`.`ServiceItem`.`order` FROM `main`.`ServiceItem` WHERE `main`.`ServiceItem`.`categoryId` IN (?,?,?,?) ORDER BY `main`.`ServiceItem`.`order` ASC LIMIT ? OFFSET ?
 GET /api/config 200 in 45ms
prisma:query SELECT `main`.`ServiceCategory`.`id`, `main`.`ServiceCategory`.`labelEn`, `main`.`ServiceCategory`.`labelBn`, `main`.`ServiceCategory`.`order`, `main`.`ServiceCategory`.`isActive` FROM `main`.`ServiceCategory` WHERE 1=1 ORDER BY `main`.`ServiceCategory`.`order` ASC LIMIT ? OFFSET ?
prisma:query SELECT `main`.`ServiceItem`.`id`, `main`.`ServiceItem`.`categoryId`, `main`.`ServiceItem`.`titleEn`, `main`.`ServiceItem`.`titleBn`, `main`.`ServiceItem`.`descEn`, `main`.`ServiceItem`.`descBn`, `main`.`ServiceItem`.`icon`, `main`.`ServiceItem`.`theme`, `main`.`ServiceItem`.`order` FROM `main`.`ServiceItem` WHERE `main`.`ServiceItem`.`categoryId` IN (?,?,?,?) ORDER BY `main`.`ServiceItem`.`order` ASC LIMIT ? OFFSET ?
 GET /api/config 200 in 24ms
prisma:query SELECT `main`.`ServiceCategory`.`id`, `main`.`ServiceCategory`.`labelEn`, `main`.`ServiceCategory`.`labelBn`, `main`.`ServiceCategory`.`order`, `main`.`ServiceCategory`.`isActive` FROM `main`.`ServiceCategory` WHERE 1=1 ORDER BY `main`.`ServiceCategory`.`order` ASC LIMIT ? OFFSET ?
prisma:query SELECT `main`.`ServiceItem`.`id`, `main`.`ServiceItem`.`categoryId`, `main`.`ServiceItem`.`titleEn`, `main`.`ServiceItem`.`titleBn`, `main`.`ServiceItem`.`descEn`, `main`.`ServiceItem`.`descBn`, `main`.`ServiceItem`.`icon`, `main`.`ServiceItem`.`theme`, `main`.`ServiceItem`.`order` FROM `main`.`ServiceItem` WHERE `main`.`ServiceItem`.`categoryId` IN (?,?,?,?) ORDER BY `main`.`ServiceItem`.`order` ASC LIMIT ? OFFSET ?
 GET /api/config 200 in 66ms
prisma:query SELECT `main`.`ServiceCategory`.`id`, `main`.`ServiceCategory`.`labelEn`, `main`.`ServiceCategory`.`labelBn`, `main`.`ServiceCategory`.`order`, `main`.`ServiceCategory`.`isActive` FROM `main`.`ServiceCategory` WHERE 1=1 ORDER BY `main`.`ServiceCategory`.`order` ASC LIMIT ? OFFSET ?
prisma:query SELECT `main`.`ServiceItem`.`id`, `main`.`ServiceItem`.`categoryId`, `main`.`ServiceItem`.`titleEn`, `main`.`ServiceItem`.`titleBn`, `main`.`ServiceItem`.`descEn`, `main`.`ServiceItem`.`descBn`, `main`.`ServiceItem`.`icon`, `main`.`ServiceItem`.`theme`, `main`.`ServiceItem`.`order` FROM `main`.`ServiceItem` WHERE `main`.`ServiceItem`.`categoryId` IN (?,?,?,?) ORDER BY `main`.`ServiceItem`.`order` ASC LIMIT ? OFFSET ?
 GET /api/config 200 in 43ms
prisma:query SELECT `main`.`ServiceCategory`.`id`, `main`.`ServiceCategory`.`labelEn`, `main`.`ServiceCategory`.`labelBn`, `main`.`ServiceCategory`.`order`, `main`.`ServiceCategory`.`isActive` FROM `main`.`ServiceCategory` WHERE 1=1 ORDER BY `main`.`ServiceCategory`.`order` ASC LIMIT ? OFFSET ?
prisma:query SELECT `main`.`ServiceItem`.`id`, `main`.`ServiceItem`.`categoryId`, `main`.`ServiceItem`.`titleEn`, `main`.`ServiceItem`.`titleBn`, `main`.`ServiceItem`.`descEn`, `main`.`ServiceItem`.`descBn`, `main`.`ServiceItem`.`icon`, `main`.`ServiceItem`.`theme`, `main`.`ServiceItem`.`order` FROM `main`.`ServiceItem` WHERE `main`.`ServiceItem`.`categoryId` IN (?,?,?,?) ORDER BY `main`.`ServiceItem`.`order` ASC LIMIT ? OFFSET ?
 GET /api/config 200 in 22ms
prisma:query SELECT `main`.`ServiceCategory`.`id`, `main`.`ServiceCategory`.`labelEn`, `main`.`ServiceCategory`.`labelBn`, `main`.`ServiceCategory`.`order`, `main`.`ServiceCategory`.`isActive` FROM `main`.`ServiceCategory` WHERE 1=1 ORDER BY `main`.`ServiceCategory`.`order` ASC LIMIT ? OFFSET ?
prisma:query SELECT `main`.`ServiceItem`.`id`, `main`.`ServiceItem`.`categoryId`, `main`.`ServiceItem`.`titleEn`, `main`.`ServiceItem`.`titleBn`, `main`.`ServiceItem`.`descEn`, `main`.`ServiceItem`.`descBn`, `main`.`ServiceItem`.`icon`, `main`.`ServiceItem`.`theme`, `main`.`ServiceItem`.`order` FROM `main`.`ServiceItem` WHERE `main`.`ServiceItem`.`categoryId` IN (?,?,?,?) ORDER BY `main`.`ServiceItem`.`order` ASC LIMIT ? OFFSET ?
 GET /api/config 200 in 70ms
prisma:query SELECT `main`.`CaseStudy`.`id`, `main`.`CaseStudy`.`titleEn`, `main`.`CaseStudy`.`titleBn`, `main`.`CaseStudy`.`clientEn`, `main`.`CaseStudy`.`clientBn`, `main`.`CaseStudy`.`categoryId`, `main`.`CaseStudy`.`summaryEn`, `main`.`CaseStudy`.`summaryBn`, `main`.`CaseStudy`.`metricsEn`, `main`.`CaseStudy`.`metricsBn`, `main`.`CaseStudy`.`challengeEn`, `main`.`CaseStudy`.`challengeBn`, `main`.`CaseStudy`.`solutionEn`, `main`.`CaseStudy`.`solutionBn`, `main`.`CaseStudy`.`img`, `main`.`CaseStudy`.`order`, `main`.`CaseStudy`.`isActive` FROM `main`.`CaseStudy` WHERE 1=1 ORDER BY `main`.`CaseStudy`.`order` ASC LIMIT ? OFFSET ?
 GET /api/casestudies 200 in 143ms
prisma:query SELECT 1
prisma:query SELECT `main`.`ServiceCategory`.`id`, `main`.`ServiceCategory`.`labelEn`, `main`.`ServiceCategory`.`labelBn`, `main`.`ServiceCategory`.`order`, `main`.`ServiceCategory`.`isActive` FROM `main`.`ServiceCategory` WHERE 1=1 ORDER BY `main`.`ServiceCategory`.`order` ASC LIMIT ? OFFSET ?
prisma:query SELECT `main`.`ServiceCategory`.`id`, `main`.`ServiceCategory`.`labelEn`, `main`.`ServiceCategory`.`labelBn`, `main`.`ServiceCategory`.`order`, `main`.`ServiceCategory`.`isActive` FROM `main`.`ServiceCategory` WHERE 1=1 ORDER BY `main`.`ServiceCategory`.`order` ASC LIMIT ? OFFSET ?
prisma:query SELECT `main`.`ServiceItem`.`id`, `main`.`ServiceItem`.`categoryId`, `main`.`ServiceItem`.`titleEn`, `main`.`ServiceItem`.`titleBn`, `main`.`ServiceItem`.`descEn`, `main`.`ServiceItem`.`descBn`, `main`.`ServiceItem`.`icon`, `main`.`ServiceItem`.`theme`, `main`.`ServiceItem`.`order` FROM `main`.`ServiceItem` WHERE `main`.`ServiceItem`.`categoryId` IN (?,?,?,?) ORDER BY `main`.`ServiceItem`.`order` ASC LIMIT ? OFFSET ?
prisma:query SELECT `main`.`ServiceItem`.`id`, `main`.`ServiceItem`.`categoryId`, `main`.`ServiceItem`.`titleEn`, `main`.`ServiceItem`.`titleBn`, `main`.`ServiceItem`.`descEn`, `main`.`ServiceItem`.`descBn`, `main`.`ServiceItem`.`icon`, `main`.`ServiceItem`.`theme`, `main`.`ServiceItem`.`order` FROM `main`.`ServiceItem` WHERE `main`.`ServiceItem`.`categoryId` IN (?,?,?,?) ORDER BY `main`.`ServiceItem`.`order` ASC LIMIT ? OFFSET ?
 GET /api/config 200 in 191ms
 GET /api/config 200 in 194ms
prisma:query SELECT `main`.`CaseStudy`.`id`, `main`.`CaseStudy`.`titleEn`, `main`.`CaseStudy`.`titleBn`, `main`.`CaseStudy`.`clientEn`, `main`.`CaseStudy`.`clientBn`, `main`.`CaseStudy`.`categoryId`, `main`.`CaseStudy`.`summaryEn`, `main`.`CaseStudy`.`summaryBn`, `main`.`CaseStudy`.`metricsEn`, `main`.`CaseStudy`.`metricsBn`, `main`.`CaseStudy`.`challengeEn`, `main`.`CaseStudy`.`challengeBn`, `main`.`CaseStudy`.`solutionEn`, `main`.`CaseStudy`.`solutionBn`, `main`.`CaseStudy`.`img`, `main`.`CaseStudy`.`order`, `main`.`CaseStudy`.`isActive` FROM `main`.`CaseStudy` WHERE 1=1 ORDER BY `main`.`CaseStudy`.`order` ASC LIMIT ? OFFSET ?
 GET /api/casestudies 200 in 71ms
prisma:query SELECT `main`.`ServiceCategory`.`id`, `main`.`ServiceCategory`.`labelEn`, `main`.`ServiceCategory`.`labelBn`, `main`.`ServiceCategory`.`order`, `main`.`ServiceCategory`.`isActive` FROM `main`.`ServiceCategory` WHERE 1=1 ORDER BY `main`.`ServiceCategory`.`order` ASC LIMIT ? OFFSET ?
prisma:query SELECT `main`.`ServiceItem`.`id`, `main`.`ServiceItem`.`categoryId`, `main`.`ServiceItem`.`titleEn`, `main`.`ServiceItem`.`titleBn`, `main`.`ServiceItem`.`descEn`, `main`.`ServiceItem`.`descBn`, `main`.`ServiceItem`.`icon`, `main`.`ServiceItem`.`theme`, `main`.`ServiceItem`.`order` FROM `main`.`ServiceItem` WHERE `main`.`ServiceItem`.`categoryId` IN (?,?,?,?) ORDER BY `main`.`ServiceItem`.`order` ASC LIMIT ? OFFSET ?
prisma:query SELECT `main`.`ServiceCategory`.`id`, `main`.`ServiceCategory`.`labelEn`, `main`.`ServiceCategory`.`labelBn`, `main`.`ServiceCategory`.`order`, `main`.`ServiceCategory`.`isActive` FROM `main`.`ServiceCategory` WHERE 1=1 ORDER BY `main`.`ServiceCategory`.`order` ASC LIMIT ? OFFSET ?
prisma:query SELECT `main`.`ServiceItem`.`id`, `main`.`ServiceItem`.`categoryId`, `main`.`ServiceItem`.`titleEn`, `main`.`ServiceItem`.`titleBn`, `main`.`ServiceItem`.`descEn`, `main`.`ServiceItem`.`descBn`, `main`.`ServiceItem`.`icon`, `main`.`ServiceItem`.`theme`, `main`.`ServiceItem`.`order` FROM `main`.`ServiceItem` WHERE `main`.`ServiceItem`.`categoryId` IN (?,?,?,?) ORDER BY `main`.`ServiceItem`.`order` ASC LIMIT ? OFFSET ?
prisma:query SELECT `main`.`CaseStudy`.`id`, `main`.`CaseStudy`.`titleEn`, `main`.`CaseStudy`.`titleBn`, `main`.`CaseStudy`.`clientEn`, `main`.`CaseStudy`.`clientBn`, `main`.`CaseStudy`.`categoryId`, `main`.`CaseStudy`.`summaryEn`, `main`.`CaseStudy`.`summaryBn`, `main`.`CaseStudy`.`metricsEn`, `main`.`CaseStudy`.`metricsBn`, `main`.`CaseStudy`.`challengeEn`, `main`.`CaseStudy`.`challengeBn`, `main`.`CaseStudy`.`solutionEn`, `main`.`CaseStudy`.`solutionBn`, `main`.`CaseStudy`.`img`, `main`.`CaseStudy`.`order`, `main`.`CaseStudy`.`isActive` FROM `main`.`CaseStudy` WHERE 1=1 ORDER BY `main`.`CaseStudy`.`order` ASC LIMIT ? OFFSET ?
 GET /api/config 200 in 108ms
 GET /api/config 200 in 120ms
 GET /api/casestudies 200 in 122ms
prisma:query SELECT `main`.`ServiceCategory`.`id`, `main`.`ServiceCategory`.`labelEn`, `main`.`ServiceCategory`.`labelBn`, `main`.`ServiceCategory`.`order`, `main`.`ServiceCategory`.`isActive` FROM `main`.`ServiceCategory` WHERE 1=1 ORDER BY `main`.`ServiceCategory`.`order` ASC LIMIT ? OFFSET ?
prisma:query SELECT `main`.`ServiceItem`.`id`, `main`.`ServiceItem`.`categoryId`, `main`.`ServiceItem`.`titleEn`, `main`.`ServiceItem`.`titleBn`, `main`.`ServiceItem`.`descEn`, `main`.`ServiceItem`.`descBn`, `main`.`ServiceItem`.`icon`, `main`.`ServiceItem`.`theme`, `main`.`ServiceItem`.`order` FROM `main`.`ServiceItem` WHERE `main`.`ServiceItem`.`categoryId` IN (?,?,?,?) ORDER BY `main`.`ServiceItem`.`order` ASC LIMIT ? OFFSET ?
 GET /api/config 200 in 35ms
prisma:query SELECT `main`.`ServiceCategory`.`id`, `main`.`ServiceCategory`.`labelEn`, `main`.`ServiceCategory`.`labelBn`, `main`.`ServiceCategory`.`order`, `main`.`ServiceCategory`.`isActive` FROM `main`.`ServiceCategory` WHERE 1=1 ORDER BY `main`.`ServiceCategory`.`order` ASC LIMIT ? OFFSET ?
prisma:query SELECT `main`.`ServiceItem`.`id`, `main`.`ServiceItem`.`categoryId`, `main`.`ServiceItem`.`titleEn`, `main`.`ServiceItem`.`titleBn`, `main`.`ServiceItem`.`descEn`, `main`.`ServiceItem`.`descBn`, `main`.`ServiceItem`.`icon`, `main`.`ServiceItem`.`theme`, `main`.`ServiceItem`.`order` FROM `main`.`ServiceItem` WHERE `main`.`ServiceItem`.`categoryId` IN (?,?,?,?) ORDER BY `main`.`ServiceItem`.`order` ASC LIMIT ? OFFSET ?
 GET /api/config 200 in 50ms
prisma:query SELECT `main`.`CaseStudy`.`id`, `main`.`CaseStudy`.`titleEn`, `main`.`CaseStudy`.`titleBn`, `main`.`CaseStudy`.`clientEn`, `main`.`CaseStudy`.`clientBn`, `main`.`CaseStudy`.`categoryId`, `main`.`CaseStudy`.`summaryEn`, `main`.`CaseStudy`.`summaryBn`, `main`.`CaseStudy`.`metricsEn`, `main`.`CaseStudy`.`metricsBn`, `main`.`CaseStudy`.`challengeEn`, `main`.`CaseStudy`.`challengeBn`, `main`.`CaseStudy`.`solutionEn`, `main`.`CaseStudy`.`solutionBn`, `main`.`CaseStudy`.`img`, `main`.`CaseStudy`.`order`, `main`.`CaseStudy`.`isActive` FROM `main`.`CaseStudy` WHERE 1=1 ORDER BY `main`.`CaseStudy`.`order` ASC LIMIT ? OFFSET ?
 GET /api/casestudies 200 in 15ms
prisma:query SELECT `main`.`CaseStudy`.`id`, `main`.`CaseStudy`.`titleEn`, `main`.`CaseStudy`.`titleBn`, `main`.`CaseStudy`.`clientEn`, `main`.`CaseStudy`.`clientBn`, `main`.`CaseStudy`.`categoryId`, `main`.`CaseStudy`.`summaryEn`, `main`.`CaseStudy`.`summaryBn`, `main`.`CaseStudy`.`metricsEn`, `main`.`CaseStudy`.`metricsBn`, `main`.`CaseStudy`.`challengeEn`, `main`.`CaseStudy`.`challengeBn`, `main`.`CaseStudy`.`solutionEn`, `main`.`CaseStudy`.`solutionBn`, `main`.`CaseStudy`.`img`, `main`.`CaseStudy`.`order`, `main`.`CaseStudy`.`isActive` FROM `main`.`CaseStudy` WHERE 1=1 ORDER BY `main`.`CaseStudy`.`order` ASC LIMIT ? OFFSET ?
 GET /api/casestudies 200 in 14ms
prisma:query SELECT `main`.`CaseStudy`.`id`, `main`.`CaseStudy`.`titleEn`, `main`.`CaseStudy`.`titleBn`, `main`.`CaseStudy`.`clientEn`, `main`.`CaseStudy`.`clientBn`, `main`.`CaseStudy`.`categoryId`, `main`.`CaseStudy`.`summaryEn`, `main`.`CaseStudy`.`summaryBn`, `main`.`CaseStudy`.`metricsEn`, `main`.`CaseStudy`.`metricsBn`, `main`.`CaseStudy`.`challengeEn`, `main`.`CaseStudy`.`challengeBn`, `main`.`CaseStudy`.`solutionEn`, `main`.`CaseStudy`.`solutionBn`, `main`.`CaseStudy`.`img`, `main`.`CaseStudy`.`order`, `main`.`CaseStudy`.`isActive` FROM `main`.`CaseStudy` WHERE 1=1 ORDER BY `main`.`CaseStudy`.`order` ASC LIMIT ? OFFSET ?
 GET /api/casestudies 200 in 12ms
 ✓ Compiled in 5s (4604 modules)
 ⚠ Fast Refresh had to perform a full reload due to a runtime error.
 ⚠ Fast Refresh had to perform a full reload due to a runtime error.
 ⚠ Fast Refresh had to perform a full reload due to a runtime error.
 GET / 200 in 3595ms
 GET / 200 in 3612ms
 GET / 200 in 3599ms
 GET /favicon.ico 200 in 22ms
 GET /favicon.ico 200 in 12ms
prisma:query SELECT 1
prisma:query SELECT `main`.`ServiceCategory`.`id`, `main`.`ServiceCategory`.`labelEn`, `main`.`ServiceCategory`.`labelBn`, `main`.`ServiceCategory`.`order`, `main`.`ServiceCategory`.`isActive` FROM `main`.`ServiceCategory` WHERE 1=1 ORDER BY `main`.`ServiceCategory`.`order` ASC LIMIT ? OFFSET ?
prisma:query SELECT `main`.`ServiceItem`.`id`, `main`.`ServiceItem`.`categoryId`, `main`.`ServiceItem`.`titleEn`, `main`.`ServiceItem`.`titleBn`, `main`.`ServiceItem`.`descEn`, `main`.`ServiceItem`.`descBn`, `main`.`ServiceItem`.`icon`, `main`.`ServiceItem`.`theme`, `main`.`ServiceItem`.`order` FROM `main`.`ServiceItem` WHERE `main`.`ServiceItem`.`categoryId` IN (?,?,?,?) ORDER BY `main`.`ServiceItem`.`order` ASC LIMIT ? OFFSET ?
 GET /api/config 200 in 33ms
prisma:query SELECT `main`.`ServiceCategory`.`id`, `main`.`ServiceCategory`.`labelEn`, `main`.`ServiceCategory`.`labelBn`, `main`.`ServiceCategory`.`order`, `main`.`ServiceCategory`.`isActive` FROM `main`.`ServiceCategory` WHERE 1=1 ORDER BY `main`.`ServiceCategory`.`order` ASC LIMIT ? OFFSET ?
prisma:query SELECT `main`.`ServiceItem`.`id`, `main`.`ServiceItem`.`categoryId`, `main`.`ServiceItem`.`titleEn`, `main`.`ServiceItem`.`titleBn`, `main`.`ServiceItem`.`descEn`, `main`.`ServiceItem`.`descBn`, `main`.`ServiceItem`.`icon`, `main`.`ServiceItem`.`theme`, `main`.`ServiceItem`.`order` FROM `main`.`ServiceItem` WHERE `main`.`ServiceItem`.`categoryId` IN (?,?,?,?) ORDER BY `main`.`ServiceItem`.`order` ASC LIMIT ? OFFSET ?
 GET /api/config 200 in 28ms
prisma:query SELECT `main`.`ServiceCategory`.`id`, `main`.`ServiceCategory`.`labelEn`, `main`.`ServiceCategory`.`labelBn`, `main`.`ServiceCategory`.`order`, `main`.`ServiceCategory`.`isActive` FROM `main`.`ServiceCategory` WHERE 1=1 ORDER BY `main`.`ServiceCategory`.`order` ASC LIMIT ? OFFSET ?
prisma:query SELECT `main`.`ServiceItem`.`id`, `main`.`ServiceItem`.`categoryId`, `main`.`ServiceItem`.`titleEn`, `main`.`ServiceItem`.`titleBn`, `main`.`ServiceItem`.`descEn`, `main`.`ServiceItem`.`descBn`, `main`.`ServiceItem`.`icon`, `main`.`ServiceItem`.`theme`, `main`.`ServiceItem`.`order` FROM `main`.`ServiceItem` WHERE `main`.`ServiceItem`.`categoryId` IN (?,?,?,?) ORDER BY `main`.`ServiceItem`.`order` ASC LIMIT ? OFFSET ?
 GET /api/config 200 in 20ms
prisma:query SELECT `main`.`ServiceCategory`.`id`, `main`.`ServiceCategory`.`labelEn`, `main`.`ServiceCategory`.`labelBn`, `main`.`ServiceCategory`.`order`, `main`.`ServiceCategory`.`isActive` FROM `main`.`ServiceCategory` WHERE 1=1 ORDER BY `main`.`ServiceCategory`.`order` ASC LIMIT ? OFFSET ?
prisma:query SELECT `main`.`ServiceItem`.`id`, `main`.`ServiceItem`.`categoryId`, `main`.`ServiceItem`.`titleEn`, `main`.`ServiceItem`.`titleBn`, `main`.`ServiceItem`.`descEn`, `main`.`ServiceItem`.`descBn`, `main`.`ServiceItem`.`icon`, `main`.`ServiceItem`.`theme`, `main`.`ServiceItem`.`order` FROM `main`.`ServiceItem` WHERE `main`.`ServiceItem`.`categoryId` IN (?,?,?,?) ORDER BY `main`.`ServiceItem`.`order` ASC LIMIT ? OFFSET ?
 GET /api/config 200 in 21ms
prisma:query SELECT `main`.`ServiceCategory`.`id`, `main`.`ServiceCategory`.`labelEn`, `main`.`ServiceCategory`.`labelBn`, `main`.`ServiceCategory`.`order`, `main`.`ServiceCategory`.`isActive` FROM `main`.`ServiceCategory` WHERE 1=1 ORDER BY `main`.`ServiceCategory`.`order` ASC LIMIT ? OFFSET ?
prisma:query SELECT `main`.`ServiceItem`.`id`, `main`.`ServiceItem`.`categoryId`, `main`.`ServiceItem`.`titleEn`, `main`.`ServiceItem`.`titleBn`, `main`.`ServiceItem`.`descEn`, `main`.`ServiceItem`.`descBn`, `main`.`ServiceItem`.`icon`, `main`.`ServiceItem`.`theme`, `main`.`ServiceItem`.`order` FROM `main`.`ServiceItem` WHERE `main`.`ServiceItem`.`categoryId` IN (?,?,?,?) ORDER BY `main`.`ServiceItem`.`order` ASC LIMIT ? OFFSET ?
 GET /api/config 200 in 38ms
prisma:query SELECT `main`.`CaseStudy`.`id`, `main`.`CaseStudy`.`titleEn`, `main`.`CaseStudy`.`titleBn`, `main`.`CaseStudy`.`clientEn`, `main`.`CaseStudy`.`clientBn`, `main`.`CaseStudy`.`categoryId`, `main`.`CaseStudy`.`summaryEn`, `main`.`CaseStudy`.`summaryBn`, `main`.`CaseStudy`.`metricsEn`, `main`.`CaseStudy`.`metricsBn`, `main`.`CaseStudy`.`challengeEn`, `main`.`CaseStudy`.`challengeBn`, `main`.`CaseStudy`.`solutionEn`, `main`.`CaseStudy`.`solutionBn`, `main`.`CaseStudy`.`img`, `main`.`CaseStudy`.`order`, `main`.`CaseStudy`.`isActive` FROM `main`.`CaseStudy` WHERE 1=1 ORDER BY `main`.`CaseStudy`.`order` ASC LIMIT ? OFFSET ?
 GET /api/casestudies 200 in 62ms
prisma:query SELECT `main`.`ServiceCategory`.`id`, `main`.`ServiceCategory`.`labelEn`, `main`.`ServiceCategory`.`labelBn`, `main`.`ServiceCategory`.`order`, `main`.`ServiceCategory`.`isActive` FROM `main`.`ServiceCategory` WHERE 1=1 ORDER BY `main`.`ServiceCategory`.`order` ASC LIMIT ? OFFSET ?
prisma:query SELECT `main`.`ServiceItem`.`id`, `main`.`ServiceItem`.`categoryId`, `main`.`ServiceItem`.`titleEn`, `main`.`ServiceItem`.`titleBn`, `main`.`ServiceItem`.`descEn`, `main`.`ServiceItem`.`descBn`, `main`.`ServiceItem`.`icon`, `main`.`ServiceItem`.`theme`, `main`.`ServiceItem`.`order` FROM `main`.`ServiceItem` WHERE `main`.`ServiceItem`.`categoryId` IN (?,?,?,?) ORDER BY `main`.`ServiceItem`.`order` ASC LIMIT ? OFFSET ?
 GET /api/config 200 in 45ms
prisma:query SELECT `main`.`ServiceCategory`.`id`, `main`.`ServiceCategory`.`labelEn`, `main`.`ServiceCategory`.`labelBn`, `main`.`ServiceCategory`.`order`, `main`.`ServiceCategory`.`isActive` FROM `main`.`ServiceCategory` WHERE 1=1 ORDER BY `main`.`ServiceCategory`.`order` ASC LIMIT ? OFFSET ?
prisma:query SELECT `main`.`ServiceItem`.`id`, `main`.`ServiceItem`.`categoryId`, `main`.`ServiceItem`.`titleEn`, `main`.`ServiceItem`.`titleBn`, `main`.`ServiceItem`.`descEn`, `main`.`ServiceItem`.`descBn`, `main`.`ServiceItem`.`icon`, `main`.`ServiceItem`.`theme`, `main`.`ServiceItem`.`order` FROM `main`.`ServiceItem` WHERE `main`.`ServiceItem`.`categoryId` IN (?,?,?,?) ORDER BY `main`.`ServiceItem`.`order` ASC LIMIT ? OFFSET ?
 GET /api/config 200 in 40ms
prisma:query SELECT `main`.`CaseStudy`.`id`, `main`.`CaseStudy`.`titleEn`, `main`.`CaseStudy`.`titleBn`, `main`.`CaseStudy`.`clientEn`, `main`.`CaseStudy`.`clientBn`, `main`.`CaseStudy`.`categoryId`, `main`.`CaseStudy`.`summaryEn`, `main`.`CaseStudy`.`summaryBn`, `main`.`CaseStudy`.`metricsEn`, `main`.`CaseStudy`.`metricsBn`, `main`.`CaseStudy`.`challengeEn`, `main`.`CaseStudy`.`challengeBn`, `main`.`CaseStudy`.`solutionEn`, `main`.`CaseStudy`.`solutionBn`, `main`.`CaseStudy`.`img`, `main`.`CaseStudy`.`order`, `main`.`CaseStudy`.`isActive` FROM `main`.`CaseStudy` WHERE 1=1 ORDER BY `main`.`CaseStudy`.`order` ASC LIMIT ? OFFSET ?
 GET /api/casestudies 200 in 52ms
prisma:query SELECT `main`.`ServiceCategory`.`id`, `main`.`ServiceCategory`.`labelEn`, `main`.`ServiceCategory`.`labelBn`, `main`.`ServiceCategory`.`order`, `main`.`ServiceCategory`.`isActive` FROM `main`.`ServiceCategory` WHERE 1=1 ORDER BY `main`.`ServiceCategory`.`order` ASC LIMIT ? OFFSET ?
prisma:query SELECT `main`.`ServiceItem`.`id`, `main`.`ServiceItem`.`categoryId`, `main`.`ServiceItem`.`titleEn`, `main`.`ServiceItem`.`titleBn`, `main`.`ServiceItem`.`descEn`, `main`.`ServiceItem`.`descBn`, `main`.`ServiceItem`.`icon`, `main`.`ServiceItem`.`theme`, `main`.`ServiceItem`.`order` FROM `main`.`ServiceItem` WHERE `main`.`ServiceItem`.`categoryId` IN (?,?,?,?) ORDER BY `main`.`ServiceItem`.`order` ASC LIMIT ? OFFSET ?
 GET /api/config 200 in 24ms
prisma:query SELECT `main`.`ServiceCategory`.`id`, `main`.`ServiceCategory`.`labelEn`, `main`.`ServiceCategory`.`labelBn`, `main`.`ServiceCategory`.`order`, `main`.`ServiceCategory`.`isActive` FROM `main`.`ServiceCategory` WHERE 1=1 ORDER BY `main`.`ServiceCategory`.`order` ASC LIMIT ? OFFSET ?
prisma:query SELECT `main`.`ServiceItem`.`id`, `main`.`ServiceItem`.`categoryId`, `main`.`ServiceItem`.`titleEn`, `main`.`ServiceItem`.`titleBn`, `main`.`ServiceItem`.`descEn`, `main`.`ServiceItem`.`descBn`, `main`.`ServiceItem`.`icon`, `main`.`ServiceItem`.`theme`, `main`.`ServiceItem`.`order` FROM `main`.`ServiceItem` WHERE `main`.`ServiceItem`.`categoryId` IN (?,?,?,?) ORDER BY `main`.`ServiceItem`.`order` ASC LIMIT ? OFFSET ?
 GET /api/config 200 in 21ms
prisma:query SELECT `main`.`ServiceCategory`.`id`, `main`.`ServiceCategory`.`labelEn`, `main`.`ServiceCategory`.`labelBn`, `main`.`ServiceCategory`.`order`, `main`.`ServiceCategory`.`isActive` FROM `main`.`ServiceCategory` WHERE 1=1 ORDER BY `main`.`ServiceCategory`.`order` ASC LIMIT ? OFFSET ?
prisma:query SELECT `main`.`ServiceItem`.`id`, `main`.`ServiceItem`.`categoryId`, `main`.`ServiceItem`.`titleEn`, `main`.`ServiceItem`.`titleBn`, `main`.`ServiceItem`.`descEn`, `main`.`ServiceItem`.`descBn`, `main`.`ServiceItem`.`icon`, `main`.`ServiceItem`.`theme`, `main`.`ServiceItem`.`order` FROM `main`.`ServiceItem` WHERE `main`.`ServiceItem`.`categoryId` IN (?,?,?,?) ORDER BY `main`.`ServiceItem`.`order` ASC LIMIT ? OFFSET ?
 GET /api/config 200 in 24ms
prisma:query SELECT `main`.`ServiceCategory`.`id`, `main`.`ServiceCategory`.`labelEn`, `main`.`ServiceCategory`.`labelBn`, `main`.`ServiceCategory`.`order`, `main`.`ServiceCategory`.`isActive` FROM `main`.`ServiceCategory` WHERE 1=1 ORDER BY `main`.`ServiceCategory`.`order` ASC LIMIT ? OFFSET ?
prisma:query SELECT `main`.`ServiceItem`.`id`, `main`.`ServiceItem`.`categoryId`, `main`.`ServiceItem`.`titleEn`, `main`.`ServiceItem`.`titleBn`, `main`.`ServiceItem`.`descEn`, `main`.`ServiceItem`.`descBn`, `main`.`ServiceItem`.`icon`, `main`.`ServiceItem`.`theme`, `main`.`ServiceItem`.`order` FROM `main`.`ServiceItem` WHERE `main`.`ServiceItem`.`categoryId` IN (?,?,?,?) ORDER BY `main`.`ServiceItem`.`order` ASC LIMIT ? OFFSET ?
 GET /api/config 200 in 20ms
prisma:query SELECT `main`.`ServiceCategory`.`id`, `main`.`ServiceCategory`.`labelEn`, `main`.`ServiceCategory`.`labelBn`, `main`.`ServiceCategory`.`order`, `main`.`ServiceCategory`.`isActive` FROM `main`.`ServiceCategory` WHERE 1=1 ORDER BY `main`.`ServiceCategory`.`order` ASC LIMIT ? OFFSET ?
prisma:query SELECT `main`.`ServiceItem`.`id`, `main`.`ServiceItem`.`categoryId`, `main`.`ServiceItem`.`titleEn`, `main`.`ServiceItem`.`titleBn`, `main`.`ServiceItem`.`descEn`, `main`.`ServiceItem`.`descBn`, `main`.`ServiceItem`.`icon`, `main`.`ServiceItem`.`theme`, `main`.`ServiceItem`.`order` FROM `main`.`ServiceItem` WHERE `main`.`ServiceItem`.`categoryId` IN (?,?,?,?) ORDER BY `main`.`ServiceItem`.`order` ASC LIMIT ? OFFSET ?
 GET /api/config 200 in 71ms
prisma:query SELECT `main`.`CaseStudy`.`id`, `main`.`CaseStudy`.`titleEn`, `main`.`CaseStudy`.`titleBn`, `main`.`CaseStudy`.`clientEn`, `main`.`CaseStudy`.`clientBn`, `main`.`CaseStudy`.`categoryId`, `main`.`CaseStudy`.`summaryEn`, `main`.`CaseStudy`.`summaryBn`, `main`.`CaseStudy`.`metricsEn`, `main`.`CaseStudy`.`metricsBn`, `main`.`CaseStudy`.`challengeEn`, `main`.`CaseStudy`.`challengeBn`, `main`.`CaseStudy`.`solutionEn`, `main`.`CaseStudy`.`solutionBn`, `main`.`CaseStudy`.`img`, `main`.`CaseStudy`.`order`, `main`.`CaseStudy`.`isActive` FROM `main`.`CaseStudy` WHERE 1=1 ORDER BY `main`.`CaseStudy`.`order` ASC LIMIT ? OFFSET ?
 GET /api/casestudies 200 in 84ms
prisma:query SELECT `main`.`CaseStudy`.`id`, `main`.`CaseStudy`.`titleEn`, `main`.`CaseStudy`.`titleBn`, `main`.`CaseStudy`.`clientEn`, `main`.`CaseStudy`.`clientBn`, `main`.`CaseStudy`.`categoryId`, `main`.`CaseStudy`.`summaryEn`, `main`.`CaseStudy`.`summaryBn`, `main`.`CaseStudy`.`metricsEn`, `main`.`CaseStudy`.`metricsBn`, `main`.`CaseStudy`.`challengeEn`, `main`.`CaseStudy`.`challengeBn`, `main`.`CaseStudy`.`solutionEn`, `main`.`CaseStudy`.`solutionBn`, `main`.`CaseStudy`.`img`, `main`.`CaseStudy`.`order`, `main`.`CaseStudy`.`isActive` FROM `main`.`CaseStudy` WHERE 1=1 ORDER BY `main`.`CaseStudy`.`order` ASC LIMIT ? OFFSET ?
 GET /api/casestudies 200 in 97ms
prisma:query SELECT `main`.`CaseStudy`.`id`, `main`.`CaseStudy`.`titleEn`, `main`.`CaseStudy`.`titleBn`, `main`.`CaseStudy`.`clientEn`, `main`.`CaseStudy`.`clientBn`, `main`.`CaseStudy`.`categoryId`, `main`.`CaseStudy`.`summaryEn`, `main`.`CaseStudy`.`summaryBn`, `main`.`CaseStudy`.`metricsEn`, `main`.`CaseStudy`.`metricsBn`, `main`.`CaseStudy`.`challengeEn`, `main`.`CaseStudy`.`challengeBn`, `main`.`CaseStudy`.`solutionEn`, `main`.`CaseStudy`.`solutionBn`, `main`.`CaseStudy`.`img`, `main`.`CaseStudy`.`order`, `main`.`CaseStudy`.`isActive` FROM `main`.`CaseStudy` WHERE 1=1 ORDER BY `main`.`CaseStudy`.`order` ASC LIMIT ? OFFSET ?
 GET /api/casestudies 200 in 28ms
prisma:query SELECT `main`.`CaseStudy`.`id`, `main`.`CaseStudy`.`titleEn`, `main`.`CaseStudy`.`titleBn`, `main`.`CaseStudy`.`clientEn`, `main`.`CaseStudy`.`clientBn`, `main`.`CaseStudy`.`categoryId`, `main`.`CaseStudy`.`summaryEn`, `main`.`CaseStudy`.`summaryBn`, `main`.`CaseStudy`.`metricsEn`, `main`.`CaseStudy`.`metricsBn`, `main`.`CaseStudy`.`challengeEn`, `main`.`CaseStudy`.`challengeBn`, `main`.`CaseStudy`.`solutionEn`, `main`.`CaseStudy`.`solutionBn`, `main`.`CaseStudy`.`img`, `main`.`CaseStudy`.`order`, `main`.`CaseStudy`.`isActive` FROM `main`.`CaseStudy` WHERE 1=1 ORDER BY `main`.`CaseStudy`.`order` ASC LIMIT ? OFFSET ?
 GET /api/casestudies 200 in 35ms
 ✓ Compiled in 2.4s (4604 modules)
 GET / 200 in 370ms
 GET / 200 in 364ms
 GET / 200 in 380ms
 ✓ Compiled in 2.6s (4604 modules)
 GET / 200 in 262ms
 GET / 200 in 265ms
 GET / 200 in 108ms
 GET / 200 in 1790ms
 ✓ Compiled in 5.8s (4579 modules)
 GET / 200 in 771ms
 GET / 200 in 770ms
 GET / 200 in 131ms
 ✓ Compiled in 2.5s (4579 modules)
 GET / 200 in 287ms
 GET / 200 in 93ms
 GET / 200 in 99ms
 GET / 200 in 2747ms
 GET / 200 in 2528ms
 ✓ Compiled in 4.2s (4579 modules)
 GET / 200 in 215ms
 GET / 200 in 152ms
 GET / 200 in 156ms
 GET / 200 in 2157ms
 GET / 200 in 1110ms
 ✓ Compiled /favicon.ico in 403ms (2385 modules)
 GET /favicon.ico 200 in 629ms
 ○ Compiling /api/config ...
 ✓ Compiled /api/config in 1983ms (2391 modules)
prisma:query SELECT 1
prisma:query SELECT `main`.`ServiceCategory`.`id`, `main`.`ServiceCategory`.`labelEn`, `main`.`ServiceCategory`.`labelBn`, `main`.`ServiceCategory`.`order`, `main`.`ServiceCategory`.`isActive` FROM `main`.`ServiceCategory` WHERE 1=1 ORDER BY `main`.`ServiceCategory`.`order` ASC LIMIT ? OFFSET ?
prisma:query SELECT `main`.`ServiceItem`.`id`, `main`.`ServiceItem`.`categoryId`, `main`.`ServiceItem`.`titleEn`, `main`.`ServiceItem`.`titleBn`, `main`.`ServiceItem`.`descEn`, `main`.`ServiceItem`.`descBn`, `main`.`ServiceItem`.`icon`, `main`.`ServiceItem`.`theme`, `main`.`ServiceItem`.`order` FROM `main`.`ServiceItem` WHERE `main`.`ServiceItem`.`categoryId` IN (?,?,?,?) ORDER BY `main`.`ServiceItem`.`order` ASC LIMIT ? OFFSET ?
 GET /api/config 200 in 2142ms
prisma:query SELECT `main`.`ServiceCategory`.`id`, `main`.`ServiceCategory`.`labelEn`, `main`.`ServiceCategory`.`labelBn`, `main`.`ServiceCategory`.`order`, `main`.`ServiceCategory`.`isActive` FROM `main`.`ServiceCategory` WHERE 1=1 ORDER BY `main`.`ServiceCategory`.`order` ASC LIMIT ? OFFSET ?
prisma:query SELECT `main`.`ServiceItem`.`id`, `main`.`ServiceItem`.`categoryId`, `main`.`ServiceItem`.`titleEn`, `main`.`ServiceItem`.`titleBn`, `main`.`ServiceItem`.`descEn`, `main`.`ServiceItem`.`descBn`, `main`.`ServiceItem`.`icon`, `main`.`ServiceItem`.`theme`, `main`.`ServiceItem`.`order` FROM `main`.`ServiceItem` WHERE `main`.`ServiceItem`.`categoryId` IN (?,?,?,?) ORDER BY `main`.`ServiceItem`.`order` ASC LIMIT ? OFFSET ?
 GET /api/config 200 in 52ms
prisma:query SELECT `main`.`ServiceCategory`.`id`, `main`.`ServiceCategory`.`labelEn`, `main`.`ServiceCategory`.`labelBn`, `main`.`ServiceCategory`.`order`, `main`.`ServiceCategory`.`isActive` FROM `main`.`ServiceCategory` WHERE 1=1 ORDER BY `main`.`ServiceCategory`.`order` ASC LIMIT ? OFFSET ?
prisma:query SELECT `main`.`ServiceItem`.`id`, `main`.`ServiceItem`.`categoryId`, `main`.`ServiceItem`.`titleEn`, `main`.`ServiceItem`.`titleBn`, `main`.`ServiceItem`.`descEn`, `main`.`ServiceItem`.`descBn`, `main`.`ServiceItem`.`icon`, `main`.`ServiceItem`.`theme`, `main`.`ServiceItem`.`order` FROM `main`.`ServiceItem` WHERE `main`.`ServiceItem`.`categoryId` IN (?,?,?,?) ORDER BY `main`.`ServiceItem`.`order` ASC LIMIT ? OFFSET ?
 GET /api/config 200 in 42ms
 ○ Compiling /api/casestudies ...
 ✓ Compiled /api/casestudies in 760ms (2393 modules)
prisma:query SELECT `main`.`CaseStudy`.`id`, `main`.`CaseStudy`.`titleEn`, `main`.`CaseStudy`.`titleBn`, `main`.`CaseStudy`.`clientEn`, `main`.`CaseStudy`.`clientBn`, `main`.`CaseStudy`.`categoryId`, `main`.`CaseStudy`.`summaryEn`, `main`.`CaseStudy`.`summaryBn`, `main`.`CaseStudy`.`metricsEn`, `main`.`CaseStudy`.`metricsBn`, `main`.`CaseStudy`.`challengeEn`, `main`.`CaseStudy`.`challengeBn`, `main`.`CaseStudy`.`solutionEn`, `main`.`CaseStudy`.`solutionBn`, `main`.`CaseStudy`.`img`, `main`.`CaseStudy`.`order`, `main`.`CaseStudy`.`isActive` FROM `main`.`CaseStudy` WHERE 1=1 ORDER BY `main`.`CaseStudy`.`order` ASC LIMIT ? OFFSET ?
 GET /api/casestudies 200 in 1464ms
prisma:query SELECT `main`.`ServiceCategory`.`id`, `main`.`ServiceCategory`.`labelEn`, `main`.`ServiceCategory`.`labelBn`, `main`.`ServiceCategory`.`order`, `main`.`ServiceCategory`.`isActive` FROM `main`.`ServiceCategory` WHERE 1=1 ORDER BY `main`.`ServiceCategory`.`order` ASC LIMIT ? OFFSET ?
prisma:query SELECT `main`.`ServiceItem`.`id`, `main`.`ServiceItem`.`categoryId`, `main`.`ServiceItem`.`titleEn`, `main`.`ServiceItem`.`titleBn`, `main`.`ServiceItem`.`descEn`, `main`.`ServiceItem`.`descBn`, `main`.`ServiceItem`.`icon`, `main`.`ServiceItem`.`theme`, `main`.`ServiceItem`.`order` FROM `main`.`ServiceItem` WHERE `main`.`ServiceItem`.`categoryId` IN (?,?,?,?) ORDER BY `main`.`ServiceItem`.`order` ASC LIMIT ? OFFSET ?
 GET /api/config 200 in 1436ms
prisma:query SELECT `main`.`CaseStudy`.`id`, `main`.`CaseStudy`.`titleEn`, `main`.`CaseStudy`.`titleBn`, `main`.`CaseStudy`.`clientEn`, `main`.`CaseStudy`.`clientBn`, `main`.`CaseStudy`.`categoryId`, `main`.`CaseStudy`.`summaryEn`, `main`.`CaseStudy`.`summaryBn`, `main`.`CaseStudy`.`metricsEn`, `main`.`CaseStudy`.`metricsBn`, `main`.`CaseStudy`.`challengeEn`, `main`.`CaseStudy`.`challengeBn`, `main`.`CaseStudy`.`solutionEn`, `main`.`CaseStudy`.`solutionBn`, `main`.`CaseStudy`.`img`, `main`.`CaseStudy`.`order`, `main`.`CaseStudy`.`isActive` FROM `main`.`CaseStudy` WHERE 1=1 ORDER BY `main`.`CaseStudy`.`order` ASC LIMIT ? OFFSET ?
 GET /api/casestudies 200 in 24ms
 ✓ Compiled in 5.4s (4579 modules)
 GET / 200 in 364ms
 GET / 200 in 173ms
 GET / 200 in 171ms
 ✓ Compiled in 4.3s (4579 modules)
 GET / 200 in 334ms
 GET / 200 in 166ms
 GET / 200 in 171ms
 ✓ Compiled in 2.8s (4579 modules)
 GET / 200 in 291ms
 GET / 200 in 82ms
 GET / 200 in 100ms
 GET / 200 in 3596ms
 ✓ Compiled in 1818ms (4579 modules)
 GET / 200 in 226ms
 GET / 200 in 111ms
 ○ Compiling /favicon.ico ...
 ✓ Compiled /api/config in 2.9s (2385 modules)
 ✓ Compiled (2391 modules)
 GET /favicon.ico 200 in 4824ms
prisma:query SELECT 1
prisma:query SELECT `main`.`ServiceCategory`.`id`, `main`.`ServiceCategory`.`labelEn`, `main`.`ServiceCategory`.`labelBn`, `main`.`ServiceCategory`.`order`, `main`.`ServiceCategory`.`isActive` FROM `main`.`ServiceCategory` WHERE 1=1 ORDER BY `main`.`ServiceCategory`.`order` ASC LIMIT ? OFFSET ?
prisma:query SELECT `main`.`ServiceItem`.`id`, `main`.`ServiceItem`.`categoryId`, `main`.`ServiceItem`.`titleEn`, `main`.`ServiceItem`.`titleBn`, `main`.`ServiceItem`.`descEn`, `main`.`ServiceItem`.`descBn`, `main`.`ServiceItem`.`icon`, `main`.`ServiceItem`.`theme`, `main`.`ServiceItem`.`order` FROM `main`.`ServiceItem` WHERE `main`.`ServiceItem`.`categoryId` IN (?,?,?,?) ORDER BY `main`.`ServiceItem`.`order` ASC LIMIT ? OFFSET ?
 GET /api/config 200 in 4346ms
prisma:query SELECT `main`.`ServiceCategory`.`id`, `main`.`ServiceCategory`.`labelEn`, `main`.`ServiceCategory`.`labelBn`, `main`.`ServiceCategory`.`order`, `main`.`ServiceCategory`.`isActive` FROM `main`.`ServiceCategory` WHERE 1=1 ORDER BY `main`.`ServiceCategory`.`order` ASC LIMIT ? OFFSET ?
prisma:query SELECT `main`.`ServiceItem`.`id`, `main`.`ServiceItem`.`categoryId`, `main`.`ServiceItem`.`titleEn`, `main`.`ServiceItem`.`titleBn`, `main`.`ServiceItem`.`descEn`, `main`.`ServiceItem`.`descBn`, `main`.`ServiceItem`.`icon`, `main`.`ServiceItem`.`theme`, `main`.`ServiceItem`.`order` FROM `main`.`ServiceItem` WHERE `main`.`ServiceItem`.`categoryId` IN (?,?,?,?) ORDER BY `main`.`ServiceItem`.`order` ASC LIMIT ? OFFSET ?
 GET /api/config 200 in 48ms
prisma:query SELECT `main`.`ServiceCategory`.`id`, `main`.`ServiceCategory`.`labelEn`, `main`.`ServiceCategory`.`labelBn`, `main`.`ServiceCategory`.`order`, `main`.`ServiceCategory`.`isActive` FROM `main`.`ServiceCategory` WHERE 1=1 ORDER BY `main`.`ServiceCategory`.`order` ASC LIMIT ? OFFSET ?
prisma:query SELECT `main`.`ServiceItem`.`id`, `main`.`ServiceItem`.`categoryId`, `main`.`ServiceItem`.`titleEn`, `main`.`ServiceItem`.`titleBn`, `main`.`ServiceItem`.`descEn`, `main`.`ServiceItem`.`descBn`, `main`.`ServiceItem`.`icon`, `main`.`ServiceItem`.`theme`, `main`.`ServiceItem`.`order` FROM `main`.`ServiceItem` WHERE `main`.`ServiceItem`.`categoryId` IN (?,?,?,?) ORDER BY `main`.`ServiceItem`.`order` ASC LIMIT ? OFFSET ?
 GET /api/config 200 in 36ms
prisma:query SELECT `main`.`ServiceCategory`.`id`, `main`.`ServiceCategory`.`labelEn`, `main`.`ServiceCategory`.`labelBn`, `main`.`ServiceCategory`.`order`, `main`.`ServiceCategory`.`isActive` FROM `main`.`ServiceCategory` WHERE 1=1 ORDER BY `main`.`ServiceCategory`.`order` ASC LIMIT ? OFFSET ?
prisma:query SELECT `main`.`ServiceItem`.`id`, `main`.`ServiceItem`.`categoryId`, `main`.`ServiceItem`.`titleEn`, `main`.`ServiceItem`.`titleBn`, `main`.`ServiceItem`.`descEn`, `main`.`ServiceItem`.`descBn`, `main`.`ServiceItem`.`icon`, `main`.`ServiceItem`.`theme`, `main`.`ServiceItem`.`order` FROM `main`.`ServiceItem` WHERE `main`.`ServiceItem`.`categoryId` IN (?,?,?,?) ORDER BY `main`.`ServiceItem`.`order` ASC LIMIT ? OFFSET ?
 GET /api/config 200 in 41ms
 ○ Compiling /api/casestudies ...
 ✓ Compiled /api/casestudies in 1065ms (2393 modules)
prisma:query SELECT `main`.`CaseStudy`.`id`, `main`.`CaseStudy`.`titleEn`, `main`.`CaseStudy`.`titleBn`, `main`.`CaseStudy`.`clientEn`, `main`.`CaseStudy`.`clientBn`, `main`.`CaseStudy`.`categoryId`, `main`.`CaseStudy`.`summaryEn`, `main`.`CaseStudy`.`summaryBn`, `main`.`CaseStudy`.`metricsEn`, `main`.`CaseStudy`.`metricsBn`, `main`.`CaseStudy`.`challengeEn`, `main`.`CaseStudy`.`challengeBn`, `main`.`CaseStudy`.`solutionEn`, `main`.`CaseStudy`.`solutionBn`, `main`.`CaseStudy`.`img`, `main`.`CaseStudy`.`order`, `main`.`CaseStudy`.`isActive` FROM `main`.`CaseStudy` WHERE 1=1 ORDER BY `main`.`CaseStudy`.`order` ASC LIMIT ? OFFSET ?
 GET /api/casestudies 200 in 1357ms
prisma:query SELECT `main`.`CaseStudy`.`id`, `main`.`CaseStudy`.`titleEn`, `main`.`CaseStudy`.`titleBn`, `main`.`CaseStudy`.`clientEn`, `main`.`CaseStudy`.`clientBn`, `main`.`CaseStudy`.`categoryId`, `main`.`CaseStudy`.`summaryEn`, `main`.`CaseStudy`.`summaryBn`, `main`.`CaseStudy`.`metricsEn`, `main`.`CaseStudy`.`metricsBn`, `main`.`CaseStudy`.`challengeEn`, `main`.`CaseStudy`.`challengeBn`, `main`.`CaseStudy`.`solutionEn`, `main`.`CaseStudy`.`solutionBn`, `main`.`CaseStudy`.`img`, `main`.`CaseStudy`.`order`, `main`.`CaseStudy`.`isActive` FROM `main`.`CaseStudy` WHERE 1=1 ORDER BY `main`.`CaseStudy`.`order` ASC LIMIT ? OFFSET ?
 GET /api/casestudies 200 in 49ms
 GET / 200 in 5248ms
 GET / 200 in 1847ms
 GET /favicon.ico 200 in 28ms
prisma:query SELECT 1
prisma:query SELECT `main`.`ServiceCategory`.`id`, `main`.`ServiceCategory`.`labelEn`, `main`.`ServiceCategory`.`labelBn`, `main`.`ServiceCategory`.`order`, `main`.`ServiceCategory`.`isActive` FROM `main`.`ServiceCategory` WHERE 1=1 ORDER BY `main`.`ServiceCategory`.`order` ASC LIMIT ? OFFSET ?
prisma:query SELECT `main`.`ServiceItem`.`id`, `main`.`ServiceItem`.`categoryId`, `main`.`ServiceItem`.`titleEn`, `main`.`ServiceItem`.`titleBn`, `main`.`ServiceItem`.`descEn`, `main`.`ServiceItem`.`descBn`, `main`.`ServiceItem`.`icon`, `main`.`ServiceItem`.`theme`, `main`.`ServiceItem`.`order` FROM `main`.`ServiceItem` WHERE `main`.`ServiceItem`.`categoryId` IN (?,?,?,?) ORDER BY `main`.`ServiceItem`.`order` ASC LIMIT ? OFFSET ?
 GET /api/config 200 in 38ms
prisma:query SELECT `main`.`ServiceCategory`.`id`, `main`.`ServiceCategory`.`labelEn`, `main`.`ServiceCategory`.`labelBn`, `main`.`ServiceCategory`.`order`, `main`.`ServiceCategory`.`isActive` FROM `main`.`ServiceCategory` WHERE 1=1 ORDER BY `main`.`ServiceCategory`.`order` ASC LIMIT ? OFFSET ?
prisma:query SELECT `main`.`ServiceItem`.`id`, `main`.`ServiceItem`.`categoryId`, `main`.`ServiceItem`.`titleEn`, `main`.`ServiceItem`.`titleBn`, `main`.`ServiceItem`.`descEn`, `main`.`ServiceItem`.`descBn`, `main`.`ServiceItem`.`icon`, `main`.`ServiceItem`.`theme`, `main`.`ServiceItem`.`order` FROM `main`.`ServiceItem` WHERE `main`.`ServiceItem`.`categoryId` IN (?,?,?,?) ORDER BY `main`.`ServiceItem`.`order` ASC LIMIT ? OFFSET ?
 GET /api/config 200 in 16ms
prisma:query SELECT `main`.`ServiceCategory`.`id`, `main`.`ServiceCategory`.`labelEn`, `main`.`ServiceCategory`.`labelBn`, `main`.`ServiceCategory`.`order`, `main`.`ServiceCategory`.`isActive` FROM `main`.`ServiceCategory` WHERE 1=1 ORDER BY `main`.`ServiceCategory`.`order` ASC LIMIT ? OFFSET ?
prisma:query SELECT `main`.`ServiceItem`.`id`, `main`.`ServiceItem`.`categoryId`, `main`.`ServiceItem`.`titleEn`, `main`.`ServiceItem`.`titleBn`, `main`.`ServiceItem`.`descEn`, `main`.`ServiceItem`.`descBn`, `main`.`ServiceItem`.`icon`, `main`.`ServiceItem`.`theme`, `main`.`ServiceItem`.`order` FROM `main`.`ServiceItem` WHERE `main`.`ServiceItem`.`categoryId` IN (?,?,?,?) ORDER BY `main`.`ServiceItem`.`order` ASC LIMIT ? OFFSET ?
 GET /api/config 200 in 37ms
prisma:query SELECT `main`.`ServiceCategory`.`id`, `main`.`ServiceCategory`.`labelEn`, `main`.`ServiceCategory`.`labelBn`, `main`.`ServiceCategory`.`order`, `main`.`ServiceCategory`.`isActive` FROM `main`.`ServiceCategory` WHERE 1=1 ORDER BY `main`.`ServiceCategory`.`order` ASC LIMIT ? OFFSET ?
prisma:query SELECT `main`.`ServiceItem`.`id`, `main`.`ServiceItem`.`categoryId`, `main`.`ServiceItem`.`titleEn`, `main`.`ServiceItem`.`titleBn`, `main`.`ServiceItem`.`descEn`, `main`.`ServiceItem`.`descBn`, `main`.`ServiceItem`.`icon`, `main`.`ServiceItem`.`theme`, `main`.`ServiceItem`.`order` FROM `main`.`ServiceItem` WHERE `main`.`ServiceItem`.`categoryId` IN (?,?,?,?) ORDER BY `main`.`ServiceItem`.`order` ASC LIMIT ? OFFSET ?
 GET /api/config 200 in 81ms
prisma:query SELECT `main`.`CaseStudy`.`id`, `main`.`CaseStudy`.`titleEn`, `main`.`CaseStudy`.`titleBn`, `main`.`CaseStudy`.`clientEn`, `main`.`CaseStudy`.`clientBn`, `main`.`CaseStudy`.`categoryId`, `main`.`CaseStudy`.`summaryEn`, `main`.`CaseStudy`.`summaryBn`, `main`.`CaseStudy`.`metricsEn`, `main`.`CaseStudy`.`metricsBn`, `main`.`CaseStudy`.`challengeEn`, `main`.`CaseStudy`.`challengeBn`, `main`.`CaseStudy`.`solutionEn`, `main`.`CaseStudy`.`solutionBn`, `main`.`CaseStudy`.`img`, `main`.`CaseStudy`.`order`, `main`.`CaseStudy`.`isActive` FROM `main`.`CaseStudy` WHERE 1=1 ORDER BY `main`.`CaseStudy`.`order` ASC LIMIT ? OFFSET ?
 GET /api/casestudies 200 in 31ms
prisma:query SELECT `main`.`CaseStudy`.`id`, `main`.`CaseStudy`.`titleEn`, `main`.`CaseStudy`.`titleBn`, `main`.`CaseStudy`.`clientEn`, `main`.`CaseStudy`.`clientBn`, `main`.`CaseStudy`.`categoryId`, `main`.`CaseStudy`.`summaryEn`, `main`.`CaseStudy`.`summaryBn`, `main`.`CaseStudy`.`metricsEn`, `main`.`CaseStudy`.`metricsBn`, `main`.`CaseStudy`.`challengeEn`, `main`.`CaseStudy`.`challengeBn`, `main`.`CaseStudy`.`solutionEn`, `main`.`CaseStudy`.`solutionBn`, `main`.`CaseStudy`.`img`, `main`.`CaseStudy`.`order`, `main`.`CaseStudy`.`isActive` FROM `main`.`CaseStudy` WHERE 1=1 ORDER BY `main`.`CaseStudy`.`order` ASC LIMIT ? OFFSET ?
 GET /api/casestudies 200 in 25ms
 ✓ Compiled in 7.1s (4579 modules)
 GET / 200 in 943ms
 GET / 200 in 355ms
 GET / 200 in 344ms
 ⚠ Fast Refresh had to perform a full reload due to a runtime error.
 GET / 200 in 2962ms
 ⚠ Fast Refresh had to perform a full reload due to a runtime error.
 ⚠ Fast Refresh had to perform a full reload due to a runtime error.
 GET / 200 in 1583ms
 GET / 200 in 1110ms
 ○ Compiling /favicon.ico ...
 ✓ Compiled /favicon.ico in 662ms (2385 modules)
 ○ Compiling /api/config ...
 ✓ Compiled /api/config in 801ms (2391 modules)
 GET /favicon.ico 200 in 2386ms
 GET /favicon.ico 200 in 2331ms
prisma:query SELECT 1
prisma:query SELECT 1
prisma:query SELECT `main`.`ServiceCategory`.`id`, `main`.`ServiceCategory`.`labelEn`, `main`.`ServiceCategory`.`labelBn`, `main`.`ServiceCategory`.`order`, `main`.`ServiceCategory`.`isActive` FROM `main`.`ServiceCategory` WHERE 1=1 ORDER BY `main`.`ServiceCategory`.`order` ASC LIMIT ? OFFSET ?
prisma:query SELECT `main`.`ServiceCategory`.`id`, `main`.`ServiceCategory`.`labelEn`, `main`.`ServiceCategory`.`labelBn`, `main`.`ServiceCategory`.`order`, `main`.`ServiceCategory`.`isActive` FROM `main`.`ServiceCategory` WHERE 1=1 ORDER BY `main`.`ServiceCategory`.`order` ASC LIMIT ? OFFSET ?
prisma:query SELECT `main`.`ServiceItem`.`id`, `main`.`ServiceItem`.`categoryId`, `main`.`ServiceItem`.`titleEn`, `main`.`ServiceItem`.`titleBn`, `main`.`ServiceItem`.`descEn`, `main`.`ServiceItem`.`descBn`, `main`.`ServiceItem`.`icon`, `main`.`ServiceItem`.`theme`, `main`.`ServiceItem`.`order` FROM `main`.`ServiceItem` WHERE `main`.`ServiceItem`.`categoryId` IN (?,?,?,?) ORDER BY `main`.`ServiceItem`.`order` ASC LIMIT ? OFFSET ?
prisma:query SELECT `main`.`ServiceItem`.`id`, `main`.`ServiceItem`.`categoryId`, `main`.`ServiceItem`.`titleEn`, `main`.`ServiceItem`.`titleBn`, `main`.`ServiceItem`.`descEn`, `main`.`ServiceItem`.`descBn`, `main`.`ServiceItem`.`icon`, `main`.`ServiceItem`.`theme`, `main`.`ServiceItem`.`order` FROM `main`.`ServiceItem` WHERE `main`.`ServiceItem`.`categoryId` IN (?,?,?,?) ORDER BY `main`.`ServiceItem`.`order` ASC LIMIT ? OFFSET ?
 GET /api/config 200 in 996ms
 GET /api/config 200 in 1842ms
prisma:query SELECT `main`.`ServiceCategory`.`id`, `main`.`ServiceCategory`.`labelEn`, `main`.`ServiceCategory`.`labelBn`, `main`.`ServiceCategory`.`order`, `main`.`ServiceCategory`.`isActive` FROM `main`.`ServiceCategory` WHERE 1=1 ORDER BY `main`.`ServiceCategory`.`order` ASC LIMIT ? OFFSET ?
prisma:query SELECT `main`.`ServiceItem`.`id`, `main`.`ServiceItem`.`categoryId`, `main`.`ServiceItem`.`titleEn`, `main`.`ServiceItem`.`titleBn`, `main`.`ServiceItem`.`descEn`, `main`.`ServiceItem`.`descBn`, `main`.`ServiceItem`.`icon`, `main`.`ServiceItem`.`theme`, `main`.`ServiceItem`.`order` FROM `main`.`ServiceItem` WHERE `main`.`ServiceItem`.`categoryId` IN (?,?,?,?) ORDER BY `main`.`ServiceItem`.`order` ASC LIMIT ? OFFSET ?
 GET /api/config 200 in 29ms
prisma:query SELECT `main`.`ServiceCategory`.`id`, `main`.`ServiceCategory`.`labelEn`, `main`.`ServiceCategory`.`labelBn`, `main`.`ServiceCategory`.`order`, `main`.`ServiceCategory`.`isActive` FROM `main`.`ServiceCategory` WHERE 1=1 ORDER BY `main`.`ServiceCategory`.`order` ASC LIMIT ? OFFSET ?
prisma:query SELECT `main`.`ServiceItem`.`id`, `main`.`ServiceItem`.`categoryId`, `main`.`ServiceItem`.`titleEn`, `main`.`ServiceItem`.`titleBn`, `main`.`ServiceItem`.`descEn`, `main`.`ServiceItem`.`descBn`, `main`.`ServiceItem`.`icon`, `main`.`ServiceItem`.`theme`, `main`.`ServiceItem`.`order` FROM `main`.`ServiceItem` WHERE `main`.`ServiceItem`.`categoryId` IN (?,?,?,?) ORDER BY `main`.`ServiceItem`.`order` ASC LIMIT ? OFFSET ?
 GET /api/config 200 in 44ms
prisma:query SELECT `main`.`ServiceCategory`.`id`, `main`.`ServiceCategory`.`labelEn`, `main`.`ServiceCategory`.`labelBn`, `main`.`ServiceCategory`.`order`, `main`.`ServiceCategory`.`isActive` FROM `main`.`ServiceCategory` WHERE 1=1 ORDER BY `main`.`ServiceCategory`.`order` ASC LIMIT ? OFFSET ?
prisma:query SELECT `main`.`ServiceItem`.`id`, `main`.`ServiceItem`.`categoryId`, `main`.`ServiceItem`.`titleEn`, `main`.`ServiceItem`.`titleBn`, `main`.`ServiceItem`.`descEn`, `main`.`ServiceItem`.`descBn`, `main`.`ServiceItem`.`icon`, `main`.`ServiceItem`.`theme`, `main`.`ServiceItem`.`order` FROM `main`.`ServiceItem` WHERE `main`.`ServiceItem`.`categoryId` IN (?,?,?,?) ORDER BY `main`.`ServiceItem`.`order` ASC LIMIT ? OFFSET ?
 GET /api/config 200 in 39ms
prisma:query SELECT `main`.`ServiceCategory`.`id`, `main`.`ServiceCategory`.`labelEn`, `main`.`ServiceCategory`.`labelBn`, `main`.`ServiceCategory`.`order`, `main`.`ServiceCategory`.`isActive` FROM `main`.`ServiceCategory` WHERE 1=1 ORDER BY `main`.`ServiceCategory`.`order` ASC LIMIT ? OFFSET ?
prisma:query SELECT `main`.`ServiceItem`.`id`, `main`.`ServiceItem`.`categoryId`, `main`.`ServiceItem`.`titleEn`, `main`.`ServiceItem`.`titleBn`, `main`.`ServiceItem`.`descEn`, `main`.`ServiceItem`.`descBn`, `main`.`ServiceItem`.`icon`, `main`.`ServiceItem`.`theme`, `main`.`ServiceItem`.`order` FROM `main`.`ServiceItem` WHERE `main`.`ServiceItem`.`categoryId` IN (?,?,?,?) ORDER BY `main`.`ServiceItem`.`order` ASC LIMIT ? OFFSET ?
 GET /api/config 200 in 55ms
 ○ Compiling /api/casestudies ...
 ⚠ Fast Refresh had to perform a full reload due to a runtime error.
 ⚠ Fast Refresh had to perform a full reload due to a runtime error.
 ✓ Compiled /api/casestudies in 6s (4604 modules)
prisma:query SELECT `main`.`ServiceCategory`.`id`, `main`.`ServiceCategory`.`labelEn`, `main`.`ServiceCategory`.`labelBn`, `main`.`ServiceCategory`.`order`, `main`.`ServiceCategory`.`isActive` FROM `main`.`ServiceCategory` WHERE 1=1 ORDER BY `main`.`ServiceCategory`.`order` ASC LIMIT ? OFFSET ?
prisma:query SELECT `main`.`ServiceItem`.`id`, `main`.`ServiceItem`.`categoryId`, `main`.`ServiceItem`.`titleEn`, `main`.`ServiceItem`.`titleBn`, `main`.`ServiceItem`.`descEn`, `main`.`ServiceItem`.`descBn`, `main`.`ServiceItem`.`icon`, `main`.`ServiceItem`.`theme`, `main`.`ServiceItem`.`order` FROM `main`.`ServiceItem` WHERE `main`.`ServiceItem`.`categoryId` IN (?,?,?,?) ORDER BY `main`.`ServiceItem`.`order` ASC LIMIT ? OFFSET ?
prisma:query SELECT `main`.`ServiceCategory`.`id`, `main`.`ServiceCategory`.`labelEn`, `main`.`ServiceCategory`.`labelBn`, `main`.`ServiceCategory`.`order`, `main`.`ServiceCategory`.`isActive` FROM `main`.`ServiceCategory` WHERE 1=1 ORDER BY `main`.`ServiceCategory`.`order` ASC LIMIT ? OFFSET ?
prisma:query SELECT `main`.`ServiceItem`.`id`, `main`.`ServiceItem`.`categoryId`, `main`.`ServiceItem`.`titleEn`, `main`.`ServiceItem`.`titleBn`, `main`.`ServiceItem`.`descEn`, `main`.`ServiceItem`.`descBn`, `main`.`ServiceItem`.`icon`, `main`.`ServiceItem`.`theme`, `main`.`ServiceItem`.`order` FROM `main`.`ServiceItem` WHERE `main`.`ServiceItem`.`categoryId` IN (?,?,?,?) ORDER BY `main`.`ServiceItem`.`order` ASC LIMIT ? OFFSET ?
prisma:query SELECT `main`.`CaseStudy`.`id`, `main`.`CaseStudy`.`titleEn`, `main`.`CaseStudy`.`titleBn`, `main`.`CaseStudy`.`clientEn`, `main`.`CaseStudy`.`clientBn`, `main`.`CaseStudy`.`categoryId`, `main`.`CaseStudy`.`summaryEn`, `main`.`CaseStudy`.`summaryBn`, `main`.`CaseStudy`.`metricsEn`, `main`.`CaseStudy`.`metricsBn`, `main`.`CaseStudy`.`challengeEn`, `main`.`CaseStudy`.`challengeBn`, `main`.`CaseStudy`.`solutionEn`, `main`.`CaseStudy`.`solutionBn`, `main`.`CaseStudy`.`img`, `main`.`CaseStudy`.`order`, `main`.`CaseStudy`.`isActive` FROM `main`.`CaseStudy` WHERE 1=1 ORDER BY `main`.`CaseStudy`.`order` ASC LIMIT ? OFFSET ?
prisma:query SELECT `main`.`CaseStudy`.`id`, `main`.`CaseStudy`.`titleEn`, `main`.`CaseStudy`.`titleBn`, `main`.`CaseStudy`.`clientEn`, `main`.`CaseStudy`.`clientBn`, `main`.`CaseStudy`.`categoryId`, `main`.`CaseStudy`.`summaryEn`, `main`.`CaseStudy`.`summaryBn`, `main`.`CaseStudy`.`metricsEn`, `main`.`CaseStudy`.`metricsBn`, `main`.`CaseStudy`.`challengeEn`, `main`.`CaseStudy`.`challengeBn`, `main`.`CaseStudy`.`solutionEn`, `main`.`CaseStudy`.`solutionBn`, `main`.`CaseStudy`.`img`, `main`.`CaseStudy`.`order`, `main`.`CaseStudy`.`isActive` FROM `main`.`CaseStudy` WHERE 1=1 ORDER BY `main`.`CaseStudy`.`order` ASC LIMIT ? OFFSET ?
 GET /api/config 200 in 6517ms
 GET /api/config 200 in 6492ms
 GET /api/casestudies 200 in 6556ms
 GET /api/casestudies 200 in 5872ms
prisma:query SELECT `main`.`CaseStudy`.`id`, `main`.`CaseStudy`.`titleEn`, `main`.`CaseStudy`.`titleBn`, `main`.`CaseStudy`.`clientEn`, `main`.`CaseStudy`.`clientBn`, `main`.`CaseStudy`.`categoryId`, `main`.`CaseStudy`.`summaryEn`, `main`.`CaseStudy`.`summaryBn`, `main`.`CaseStudy`.`metricsEn`, `main`.`CaseStudy`.`metricsBn`, `main`.`CaseStudy`.`challengeEn`, `main`.`CaseStudy`.`challengeBn`, `main`.`CaseStudy`.`solutionEn`, `main`.`CaseStudy`.`solutionBn`, `main`.`CaseStudy`.`img`, `main`.`CaseStudy`.`order`, `main`.`CaseStudy`.`isActive` FROM `main`.`CaseStudy` WHERE 1=1 ORDER BY `main`.`CaseStudy`.`order` ASC LIMIT ? OFFSET ?
prisma:query SELECT `main`.`CaseStudy`.`id`, `main`.`CaseStudy`.`titleEn`, `main`.`CaseStudy`.`titleBn`, `main`.`CaseStudy`.`clientEn`, `main`.`CaseStudy`.`clientBn`, `main`.`CaseStudy`.`categoryId`, `main`.`CaseStudy`.`summaryEn`, `main`.`CaseStudy`.`summaryBn`, `main`.`CaseStudy`.`metricsEn`, `main`.`CaseStudy`.`metricsBn`, `main`.`CaseStudy`.`challengeEn`, `main`.`CaseStudy`.`challengeBn`, `main`.`CaseStudy`.`solutionEn`, `main`.`CaseStudy`.`solutionBn`, `main`.`CaseStudy`.`img`, `main`.`CaseStudy`.`order`, `main`.`CaseStudy`.`isActive` FROM `main`.`CaseStudy` WHERE 1=1 ORDER BY `main`.`CaseStudy`.`order` ASC LIMIT ? OFFSET ?
 GET / 200 in 5218ms
 GET / 200 in 5230ms
prisma:query SELECT `main`.`ServiceCategory`.`id`, `main`.`ServiceCategory`.`labelEn`, `main`.`ServiceCategory`.`labelBn`, `main`.`ServiceCategory`.`order`, `main`.`ServiceCategory`.`isActive` FROM `main`.`ServiceCategory` WHERE 1=1 ORDER BY `main`.`ServiceCategory`.`order` ASC LIMIT ? OFFSET ?
prisma:query SELECT `main`.`ServiceItem`.`id`, `main`.`ServiceItem`.`categoryId`, `main`.`ServiceItem`.`titleEn`, `main`.`ServiceItem`.`titleBn`, `main`.`ServiceItem`.`descEn`, `main`.`ServiceItem`.`descBn`, `main`.`ServiceItem`.`icon`, `main`.`ServiceItem`.`theme`, `main`.`ServiceItem`.`order` FROM `main`.`ServiceItem` WHERE `main`.`ServiceItem`.`categoryId` IN (?,?,?,?) ORDER BY `main`.`ServiceItem`.`order` ASC LIMIT ? OFFSET ?
 GET /api/config 200 in 25ms
 GET /favicon.ico 200 in 21ms
prisma:query SELECT `main`.`ServiceCategory`.`id`, `main`.`ServiceCategory`.`labelEn`, `main`.`ServiceCategory`.`labelBn`, `main`.`ServiceCategory`.`order`, `main`.`ServiceCategory`.`isActive` FROM `main`.`ServiceCategory` WHERE 1=1 ORDER BY `main`.`ServiceCategory`.`order` ASC LIMIT ? OFFSET ?
prisma:query SELECT `main`.`ServiceItem`.`id`, `main`.`ServiceItem`.`categoryId`, `main`.`ServiceItem`.`titleEn`, `main`.`ServiceItem`.`titleBn`, `main`.`ServiceItem`.`descEn`, `main`.`ServiceItem`.`descBn`, `main`.`ServiceItem`.`icon`, `main`.`ServiceItem`.`theme`, `main`.`ServiceItem`.`order` FROM `main`.`ServiceItem` WHERE `main`.`ServiceItem`.`categoryId` IN (?,?,?,?) ORDER BY `main`.`ServiceItem`.`order` ASC LIMIT ? OFFSET ?
 GET /api/config 200 in 24ms
prisma:query SELECT `main`.`ServiceCategory`.`id`, `main`.`ServiceCategory`.`labelEn`, `main`.`ServiceCategory`.`labelBn`, `main`.`ServiceCategory`.`order`, `main`.`ServiceCategory`.`isActive` FROM `main`.`ServiceCategory` WHERE 1=1 ORDER BY `main`.`ServiceCategory`.`order` ASC LIMIT ? OFFSET ?
prisma:query SELECT `main`.`ServiceItem`.`id`, `main`.`ServiceItem`.`categoryId`, `main`.`ServiceItem`.`titleEn`, `main`.`ServiceItem`.`titleBn`, `main`.`ServiceItem`.`descEn`, `main`.`ServiceItem`.`descBn`, `main`.`ServiceItem`.`icon`, `main`.`ServiceItem`.`theme`, `main`.`ServiceItem`.`order` FROM `main`.`ServiceItem` WHERE `main`.`ServiceItem`.`categoryId` IN (?,?,?,?) ORDER BY `main`.`ServiceItem`.`order` ASC LIMIT ? OFFSET ?
 GET /api/config 200 in 25ms
prisma:query SELECT `main`.`ServiceCategory`.`id`, `main`.`ServiceCategory`.`labelEn`, `main`.`ServiceCategory`.`labelBn`, `main`.`ServiceCategory`.`order`, `main`.`ServiceCategory`.`isActive` FROM `main`.`ServiceCategory` WHERE 1=1 ORDER BY `main`.`ServiceCategory`.`order` ASC LIMIT ? OFFSET ?
prisma:query SELECT `main`.`ServiceItem`.`id`, `main`.`ServiceItem`.`categoryId`, `main`.`ServiceItem`.`titleEn`, `main`.`ServiceItem`.`titleBn`, `main`.`ServiceItem`.`descEn`, `main`.`ServiceItem`.`descBn`, `main`.`ServiceItem`.`icon`, `main`.`ServiceItem`.`theme`, `main`.`ServiceItem`.`order` FROM `main`.`ServiceItem` WHERE `main`.`ServiceItem`.`categoryId` IN (?,?,?,?) ORDER BY `main`.`ServiceItem`.`order` ASC LIMIT ? OFFSET ?
 GET /api/config 200 in 25ms
prisma:query SELECT `main`.`CaseStudy`.`id`, `main`.`CaseStudy`.`titleEn`, `main`.`CaseStudy`.`titleBn`, `main`.`CaseStudy`.`clientEn`, `main`.`CaseStudy`.`clientBn`, `main`.`CaseStudy`.`categoryId`, `main`.`CaseStudy`.`summaryEn`, `main`.`CaseStudy`.`summaryBn`, `main`.`CaseStudy`.`metricsEn`, `main`.`CaseStudy`.`metricsBn`, `main`.`CaseStudy`.`challengeEn`, `main`.`CaseStudy`.`challengeBn`, `main`.`CaseStudy`.`solutionEn`, `main`.`CaseStudy`.`solutionBn`, `main`.`CaseStudy`.`img`, `main`.`CaseStudy`.`order`, `main`.`CaseStudy`.`isActive` FROM `main`.`CaseStudy` WHERE 1=1 ORDER BY `main`.`CaseStudy`.`order` ASC LIMIT ? OFFSET ?
 GET /api/casestudies 200 in 79ms
prisma:query SELECT `main`.`ServiceCategory`.`id`, `main`.`ServiceCategory`.`labelEn`, `main`.`ServiceCategory`.`labelBn`, `main`.`ServiceCategory`.`order`, `main`.`ServiceCategory`.`isActive` FROM `main`.`ServiceCategory` WHERE 1=1 ORDER BY `main`.`ServiceCategory`.`order` ASC LIMIT ? OFFSET ?
prisma:query SELECT `main`.`ServiceItem`.`id`, `main`.`ServiceItem`.`categoryId`, `main`.`ServiceItem`.`titleEn`, `main`.`ServiceItem`.`titleBn`, `main`.`ServiceItem`.`descEn`, `main`.`ServiceItem`.`descBn`, `main`.`ServiceItem`.`icon`, `main`.`ServiceItem`.`theme`, `main`.`ServiceItem`.`order` FROM `main`.`ServiceItem` WHERE `main`.`ServiceItem`.`categoryId` IN (?,?,?,?) ORDER BY `main`.`ServiceItem`.`order` ASC LIMIT ? OFFSET ?
 GET /api/config 200 in 61ms
prisma:query SELECT `main`.`CaseStudy`.`id`, `main`.`CaseStudy`.`titleEn`, `main`.`CaseStudy`.`titleBn`, `main`.`CaseStudy`.`clientEn`, `main`.`CaseStudy`.`clientBn`, `main`.`CaseStudy`.`categoryId`, `main`.`CaseStudy`.`summaryEn`, `main`.`CaseStudy`.`summaryBn`, `main`.`CaseStudy`.`metricsEn`, `main`.`CaseStudy`.`metricsBn`, `main`.`CaseStudy`.`challengeEn`, `main`.`CaseStudy`.`challengeBn`, `main`.`CaseStudy`.`solutionEn`, `main`.`CaseStudy`.`solutionBn`, `main`.`CaseStudy`.`img`, `main`.`CaseStudy`.`order`, `main`.`CaseStudy`.`isActive` FROM `main`.`CaseStudy` WHERE 1=1 ORDER BY `main`.`CaseStudy`.`order` ASC LIMIT ? OFFSET ?
 GET /api/casestudies 200 in 69ms
 GET /favicon.ico 200 in 43ms
prisma:query SELECT `main`.`ServiceCategory`.`id`, `main`.`ServiceCategory`.`labelEn`, `main`.`ServiceCategory`.`labelBn`, `main`.`ServiceCategory`.`order`, `main`.`ServiceCategory`.`isActive` FROM `main`.`ServiceCategory` WHERE 1=1 ORDER BY `main`.`ServiceCategory`.`order` ASC LIMIT ? OFFSET ?
prisma:query SELECT `main`.`ServiceItem`.`id`, `main`.`ServiceItem`.`categoryId`, `main`.`ServiceItem`.`titleEn`, `main`.`ServiceItem`.`titleBn`, `main`.`ServiceItem`.`descEn`, `main`.`ServiceItem`.`descBn`, `main`.`ServiceItem`.`icon`, `main`.`ServiceItem`.`theme`, `main`.`ServiceItem`.`order` FROM `main`.`ServiceItem` WHERE `main`.`ServiceItem`.`categoryId` IN (?,?,?,?) ORDER BY `main`.`ServiceItem`.`order` ASC LIMIT ? OFFSET ?
 GET /api/config 200 in 32ms
prisma:query SELECT `main`.`ServiceCategory`.`id`, `main`.`ServiceCategory`.`labelEn`, `main`.`ServiceCategory`.`labelBn`, `main`.`ServiceCategory`.`order`, `main`.`ServiceCategory`.`isActive` FROM `main`.`ServiceCategory` WHERE 1=1 ORDER BY `main`.`ServiceCategory`.`order` ASC LIMIT ? OFFSET ?
prisma:query SELECT `main`.`ServiceItem`.`id`, `main`.`ServiceItem`.`categoryId`, `main`.`ServiceItem`.`titleEn`, `main`.`ServiceItem`.`titleBn`, `main`.`ServiceItem`.`descEn`, `main`.`ServiceItem`.`descBn`, `main`.`ServiceItem`.`icon`, `main`.`ServiceItem`.`theme`, `main`.`ServiceItem`.`order` FROM `main`.`ServiceItem` WHERE `main`.`ServiceItem`.`categoryId` IN (?,?,?,?) ORDER BY `main`.`ServiceItem`.`order` ASC LIMIT ? OFFSET ?
 GET /api/config 200 in 23ms
prisma:query SELECT `main`.`ServiceCategory`.`id`, `main`.`ServiceCategory`.`labelEn`, `main`.`ServiceCategory`.`labelBn`, `main`.`ServiceCategory`.`order`, `main`.`ServiceCategory`.`isActive` FROM `main`.`ServiceCategory` WHERE 1=1 ORDER BY `main`.`ServiceCategory`.`order` ASC LIMIT ? OFFSET ?
prisma:query SELECT `main`.`ServiceItem`.`id`, `main`.`ServiceItem`.`categoryId`, `main`.`ServiceItem`.`titleEn`, `main`.`ServiceItem`.`titleBn`, `main`.`ServiceItem`.`descEn`, `main`.`ServiceItem`.`descBn`, `main`.`ServiceItem`.`icon`, `main`.`ServiceItem`.`theme`, `main`.`ServiceItem`.`order` FROM `main`.`ServiceItem` WHERE `main`.`ServiceItem`.`categoryId` IN (?,?,?,?) ORDER BY `main`.`ServiceItem`.`order` ASC LIMIT ? OFFSET ?
 GET /api/config 200 in 25ms
prisma:query SELECT `main`.`CaseStudy`.`id`, `main`.`CaseStudy`.`titleEn`, `main`.`CaseStudy`.`titleBn`, `main`.`CaseStudy`.`clientEn`, `main`.`CaseStudy`.`clientBn`, `main`.`CaseStudy`.`categoryId`, `main`.`CaseStudy`.`summaryEn`, `main`.`CaseStudy`.`summaryBn`, `main`.`CaseStudy`.`metricsEn`, `main`.`CaseStudy`.`metricsBn`, `main`.`CaseStudy`.`challengeEn`, `main`.`CaseStudy`.`challengeBn`, `main`.`CaseStudy`.`solutionEn`, `main`.`CaseStudy`.`solutionBn`, `main`.`CaseStudy`.`img`, `main`.`CaseStudy`.`order`, `main`.`CaseStudy`.`isActive` FROM `main`.`CaseStudy` WHERE 1=1 ORDER BY `main`.`CaseStudy`.`order` ASC LIMIT ? OFFSET ?
 GET /api/casestudies 200 in 63ms
prisma:query SELECT `main`.`CaseStudy`.`id`, `main`.`CaseStudy`.`titleEn`, `main`.`CaseStudy`.`titleBn`, `main`.`CaseStudy`.`clientEn`, `main`.`CaseStudy`.`clientBn`, `main`.`CaseStudy`.`categoryId`, `main`.`CaseStudy`.`summaryEn`, `main`.`CaseStudy`.`summaryBn`, `main`.`CaseStudy`.`metricsEn`, `main`.`CaseStudy`.`metricsBn`, `main`.`CaseStudy`.`challengeEn`, `main`.`CaseStudy`.`challengeBn`, `main`.`CaseStudy`.`solutionEn`, `main`.`CaseStudy`.`solutionBn`, `main`.`CaseStudy`.`img`, `main`.`CaseStudy`.`order`, `main`.`CaseStudy`.`isActive` FROM `main`.`CaseStudy` WHERE 1=1 ORDER BY `main`.`CaseStudy`.`order` ASC LIMIT ? OFFSET ?
 GET /api/casestudies 200 in 35ms
prisma:query SELECT `main`.`ServiceCategory`.`id`, `main`.`ServiceCategory`.`labelEn`, `main`.`ServiceCategory`.`labelBn`, `main`.`ServiceCategory`.`order`, `main`.`ServiceCategory`.`isActive` FROM `main`.`ServiceCategory` WHERE 1=1 ORDER BY `main`.`ServiceCategory`.`order` ASC LIMIT ? OFFSET ?
prisma:query SELECT `main`.`ServiceItem`.`id`, `main`.`ServiceItem`.`categoryId`, `main`.`ServiceItem`.`titleEn`, `main`.`ServiceItem`.`titleBn`, `main`.`ServiceItem`.`descEn`, `main`.`ServiceItem`.`descBn`, `main`.`ServiceItem`.`icon`, `main`.`ServiceItem`.`theme`, `main`.`ServiceItem`.`order` FROM `main`.`ServiceItem` WHERE `main`.`ServiceItem`.`categoryId` IN (?,?,?,?) ORDER BY `main`.`ServiceItem`.`order` ASC LIMIT ? OFFSET ?
 GET /api/config 200 in 28ms
prisma:query SELECT `main`.`ServiceCategory`.`id`, `main`.`ServiceCategory`.`labelEn`, `main`.`ServiceCategory`.`labelBn`, `main`.`ServiceCategory`.`order`, `main`.`ServiceCategory`.`isActive` FROM `main`.`ServiceCategory` WHERE 1=1 ORDER BY `main`.`ServiceCategory`.`order` ASC LIMIT ? OFFSET ?
prisma:query SELECT `main`.`ServiceItem`.`id`, `main`.`ServiceItem`.`categoryId`, `main`.`ServiceItem`.`titleEn`, `main`.`ServiceItem`.`titleBn`, `main`.`ServiceItem`.`descEn`, `main`.`ServiceItem`.`descBn`, `main`.`ServiceItem`.`icon`, `main`.`ServiceItem`.`theme`, `main`.`ServiceItem`.`order` FROM `main`.`ServiceItem` WHERE `main`.`ServiceItem`.`categoryId` IN (?,?,?,?) ORDER BY `main`.`ServiceItem`.`order` ASC LIMIT ? OFFSET ?
 GET /api/config 200 in 19ms
prisma:query SELECT `main`.`ServiceCategory`.`id`, `main`.`ServiceCategory`.`labelEn`, `main`.`ServiceCategory`.`labelBn`, `main`.`ServiceCategory`.`order`, `main`.`ServiceCategory`.`isActive` FROM `main`.`ServiceCategory` WHERE 1=1 ORDER BY `main`.`ServiceCategory`.`order` ASC LIMIT ? OFFSET ?
prisma:query SELECT `main`.`ServiceItem`.`id`, `main`.`ServiceItem`.`categoryId`, `main`.`ServiceItem`.`titleEn`, `main`.`ServiceItem`.`titleBn`, `main`.`ServiceItem`.`descEn`, `main`.`ServiceItem`.`descBn`, `main`.`ServiceItem`.`icon`, `main`.`ServiceItem`.`theme`, `main`.`ServiceItem`.`order` FROM `main`.`ServiceItem` WHERE `main`.`ServiceItem`.`categoryId` IN (?,?,?,?) ORDER BY `main`.`ServiceItem`.`order` ASC LIMIT ? OFFSET ?
 GET /api/config 200 in 19ms
prisma:query SELECT `main`.`ServiceCategory`.`id`, `main`.`ServiceCategory`.`labelEn`, `main`.`ServiceCategory`.`labelBn`, `main`.`ServiceCategory`.`order`, `main`.`ServiceCategory`.`isActive` FROM `main`.`ServiceCategory` WHERE 1=1 ORDER BY `main`.`ServiceCategory`.`order` ASC LIMIT ? OFFSET ?
prisma:query SELECT `main`.`ServiceItem`.`id`, `main`.`ServiceItem`.`categoryId`, `main`.`ServiceItem`.`titleEn`, `main`.`ServiceItem`.`titleBn`, `main`.`ServiceItem`.`descEn`, `main`.`ServiceItem`.`descBn`, `main`.`ServiceItem`.`icon`, `main`.`ServiceItem`.`theme`, `main`.`ServiceItem`.`order` FROM `main`.`ServiceItem` WHERE `main`.`ServiceItem`.`categoryId` IN (?,?,?,?) ORDER BY `main`.`ServiceItem`.`order` ASC LIMIT ? OFFSET ?
 GET /api/config 200 in 17ms
prisma:query SELECT `main`.`CaseStudy`.`id`, `main`.`CaseStudy`.`titleEn`, `main`.`CaseStudy`.`titleBn`, `main`.`CaseStudy`.`clientEn`, `main`.`CaseStudy`.`clientBn`, `main`.`CaseStudy`.`categoryId`, `main`.`CaseStudy`.`summaryEn`, `main`.`CaseStudy`.`summaryBn`, `main`.`CaseStudy`.`metricsEn`, `main`.`CaseStudy`.`metricsBn`, `main`.`CaseStudy`.`challengeEn`, `main`.`CaseStudy`.`challengeBn`, `main`.`CaseStudy`.`solutionEn`, `main`.`CaseStudy`.`solutionBn`, `main`.`CaseStudy`.`img`, `main`.`CaseStudy`.`order`, `main`.`CaseStudy`.`isActive` FROM `main`.`CaseStudy` WHERE 1=1 ORDER BY `main`.`CaseStudy`.`order` ASC LIMIT ? OFFSET ?
 GET /api/casestudies 200 in 15ms
prisma:query SELECT `main`.`CaseStudy`.`id`, `main`.`CaseStudy`.`titleEn`, `main`.`CaseStudy`.`titleBn`, `main`.`CaseStudy`.`clientEn`, `main`.`CaseStudy`.`clientBn`, `main`.`CaseStudy`.`categoryId`, `main`.`CaseStudy`.`summaryEn`, `main`.`CaseStudy`.`summaryBn`, `main`.`CaseStudy`.`metricsEn`, `main`.`CaseStudy`.`metricsBn`, `main`.`CaseStudy`.`challengeEn`, `main`.`CaseStudy`.`challengeBn`, `main`.`CaseStudy`.`solutionEn`, `main`.`CaseStudy`.`solutionBn`, `main`.`CaseStudy`.`img`, `main`.`CaseStudy`.`order`, `main`.`CaseStudy`.`isActive` FROM `main`.`CaseStudy` WHERE 1=1 ORDER BY `main`.`CaseStudy`.`order` ASC LIMIT ? OFFSET ?
 GET /api/casestudies 200 in 14ms
 ⚠ Fast Refresh had to perform a full reload due to a runtime error.
 ⚠ Fast Refresh had to perform a full reload due to a runtime error.
 ⚠ Fast Refresh had to perform a full reload due to a runtime error.
 ✓ Compiled in 4.7s (4604 modules)
 GET / 200 in 5211ms
 GET / 200 in 5215ms
 GET / 200 in 5238ms
 GET /favicon.ico 200 in 55ms
 GET /favicon.ico 200 in 90ms
prisma:query SELECT 1
prisma:query SELECT `main`.`ServiceCategory`.`id`, `main`.`ServiceCategory`.`labelEn`, `main`.`ServiceCategory`.`labelBn`, `main`.`ServiceCategory`.`order`, `main`.`ServiceCategory`.`isActive` FROM `main`.`ServiceCategory` WHERE 1=1 ORDER BY `main`.`ServiceCategory`.`order` ASC LIMIT ? OFFSET ?
prisma:query SELECT `main`.`ServiceItem`.`id`, `main`.`ServiceItem`.`categoryId`, `main`.`ServiceItem`.`titleEn`, `main`.`ServiceItem`.`titleBn`, `main`.`ServiceItem`.`descEn`, `main`.`ServiceItem`.`descBn`, `main`.`ServiceItem`.`icon`, `main`.`ServiceItem`.`theme`, `main`.`ServiceItem`.`order` FROM `main`.`ServiceItem` WHERE `main`.`ServiceItem`.`categoryId` IN (?,?,?,?) ORDER BY `main`.`ServiceItem`.`order` ASC LIMIT ? OFFSET ?
 GET /api/config 200 in 43ms
prisma:query SELECT `main`.`ServiceCategory`.`id`, `main`.`ServiceCategory`.`labelEn`, `main`.`ServiceCategory`.`labelBn`, `main`.`ServiceCategory`.`order`, `main`.`ServiceCategory`.`isActive` FROM `main`.`ServiceCategory` WHERE 1=1 ORDER BY `main`.`ServiceCategory`.`order` ASC LIMIT ? OFFSET ?
prisma:query SELECT `main`.`ServiceItem`.`id`, `main`.`ServiceItem`.`categoryId`, `main`.`ServiceItem`.`titleEn`, `main`.`ServiceItem`.`titleBn`, `main`.`ServiceItem`.`descEn`, `main`.`ServiceItem`.`descBn`, `main`.`ServiceItem`.`icon`, `main`.`ServiceItem`.`theme`, `main`.`ServiceItem`.`order` FROM `main`.`ServiceItem` WHERE `main`.`ServiceItem`.`categoryId` IN (?,?,?,?) ORDER BY `main`.`ServiceItem`.`order` ASC LIMIT ? OFFSET ?
 GET /api/config 200 in 32ms
prisma:query SELECT `main`.`ServiceCategory`.`id`, `main`.`ServiceCategory`.`labelEn`, `main`.`ServiceCategory`.`labelBn`, `main`.`ServiceCategory`.`order`, `main`.`ServiceCategory`.`isActive` FROM `main`.`ServiceCategory` WHERE 1=1 ORDER BY `main`.`ServiceCategory`.`order` ASC LIMIT ? OFFSET ?
prisma:query SELECT `main`.`ServiceItem`.`id`, `main`.`ServiceItem`.`categoryId`, `main`.`ServiceItem`.`titleEn`, `main`.`ServiceItem`.`titleBn`, `main`.`ServiceItem`.`descEn`, `main`.`ServiceItem`.`descBn`, `main`.`ServiceItem`.`icon`, `main`.`ServiceItem`.`theme`, `main`.`ServiceItem`.`order` FROM `main`.`ServiceItem` WHERE `main`.`ServiceItem`.`categoryId` IN (?,?,?,?) ORDER BY `main`.`ServiceItem`.`order` ASC LIMIT ? OFFSET ?
 GET /api/config 200 in 54ms
prisma:query SELECT `main`.`ServiceCategory`.`id`, `main`.`ServiceCategory`.`labelEn`, `main`.`ServiceCategory`.`labelBn`, `main`.`ServiceCategory`.`order`, `main`.`ServiceCategory`.`isActive` FROM `main`.`ServiceCategory` WHERE 1=1 ORDER BY `main`.`ServiceCategory`.`order` ASC LIMIT ? OFFSET ?
prisma:query SELECT `main`.`ServiceItem`.`id`, `main`.`ServiceItem`.`categoryId`, `main`.`ServiceItem`.`titleEn`, `main`.`ServiceItem`.`titleBn`, `main`.`ServiceItem`.`descEn`, `main`.`ServiceItem`.`descBn`, `main`.`ServiceItem`.`icon`, `main`.`ServiceItem`.`theme`, `main`.`ServiceItem`.`order` FROM `main`.`ServiceItem` WHERE `main`.`ServiceItem`.`categoryId` IN (?,?,?,?) ORDER BY `main`.`ServiceItem`.`order` ASC LIMIT ? OFFSET ?
 GET /api/config 200 in 58ms
prisma:query SELECT `main`.`ServiceCategory`.`id`, `main`.`ServiceCategory`.`labelEn`, `main`.`ServiceCategory`.`labelBn`, `main`.`ServiceCategory`.`order`, `main`.`ServiceCategory`.`isActive` FROM `main`.`ServiceCategory` WHERE 1=1 ORDER BY `main`.`ServiceCategory`.`order` ASC LIMIT ? OFFSET ?
prisma:query SELECT `main`.`ServiceItem`.`id`, `main`.`ServiceItem`.`categoryId`, `main`.`ServiceItem`.`titleEn`, `main`.`ServiceItem`.`titleBn`, `main`.`ServiceItem`.`descEn`, `main`.`ServiceItem`.`descBn`, `main`.`ServiceItem`.`icon`, `main`.`ServiceItem`.`theme`, `main`.`ServiceItem`.`order` FROM `main`.`ServiceItem` WHERE `main`.`ServiceItem`.`categoryId` IN (?,?,?,?) ORDER BY `main`.`ServiceItem`.`order` ASC LIMIT ? OFFSET ?
 GET /api/config 200 in 102ms
prisma:query SELECT `main`.`ServiceCategory`.`id`, `main`.`ServiceCategory`.`labelEn`, `main`.`ServiceCategory`.`labelBn`, `main`.`ServiceCategory`.`order`, `main`.`ServiceCategory`.`isActive` FROM `main`.`ServiceCategory` WHERE 1=1 ORDER BY `main`.`ServiceCategory`.`order` ASC LIMIT ? OFFSET ?
prisma:query SELECT `main`.`ServiceItem`.`id`, `main`.`ServiceItem`.`categoryId`, `main`.`ServiceItem`.`titleEn`, `main`.`ServiceItem`.`titleBn`, `main`.`ServiceItem`.`descEn`, `main`.`ServiceItem`.`descBn`, `main`.`ServiceItem`.`icon`, `main`.`ServiceItem`.`theme`, `main`.`ServiceItem`.`order` FROM `main`.`ServiceItem` WHERE `main`.`ServiceItem`.`categoryId` IN (?,?,?,?) ORDER BY `main`.`ServiceItem`.`order` ASC LIMIT ? OFFSET ?
 GET /api/config 200 in 102ms
prisma:query SELECT `main`.`CaseStudy`.`id`, `main`.`CaseStudy`.`titleEn`, `main`.`CaseStudy`.`titleBn`, `main`.`CaseStudy`.`clientEn`, `main`.`CaseStudy`.`clientBn`, `main`.`CaseStudy`.`categoryId`, `main`.`CaseStudy`.`summaryEn`, `main`.`CaseStudy`.`summaryBn`, `main`.`CaseStudy`.`metricsEn`, `main`.`CaseStudy`.`metricsBn`, `main`.`CaseStudy`.`challengeEn`, `main`.`CaseStudy`.`challengeBn`, `main`.`CaseStudy`.`solutionEn`, `main`.`CaseStudy`.`solutionBn`, `main`.`CaseStudy`.`img`, `main`.`CaseStudy`.`order`, `main`.`CaseStudy`.`isActive` FROM `main`.`CaseStudy` WHERE 1=1 ORDER BY `main`.`CaseStudy`.`order` ASC LIMIT ? OFFSET ?
 GET /api/casestudies 200 in 58ms
prisma:query SELECT `main`.`CaseStudy`.`id`, `main`.`CaseStudy`.`titleEn`, `main`.`CaseStudy`.`titleBn`, `main`.`CaseStudy`.`clientEn`, `main`.`CaseStudy`.`clientBn`, `main`.`CaseStudy`.`categoryId`, `main`.`CaseStudy`.`summaryEn`, `main`.`CaseStudy`.`summaryBn`, `main`.`CaseStudy`.`metricsEn`, `main`.`CaseStudy`.`metricsBn`, `main`.`CaseStudy`.`challengeEn`, `main`.`CaseStudy`.`challengeBn`, `main`.`CaseStudy`.`solutionEn`, `main`.`CaseStudy`.`solutionBn`, `main`.`CaseStudy`.`img`, `main`.`CaseStudy`.`order`, `main`.`CaseStudy`.`isActive` FROM `main`.`CaseStudy` WHERE 1=1 ORDER BY `main`.`CaseStudy`.`order` ASC LIMIT ? OFFSET ?
 GET /api/casestudies 200 in 28ms
prisma:query SELECT `main`.`ServiceCategory`.`id`, `main`.`ServiceCategory`.`labelEn`, `main`.`ServiceCategory`.`labelBn`, `main`.`ServiceCategory`.`order`, `main`.`ServiceCategory`.`isActive` FROM `main`.`ServiceCategory` WHERE 1=1 ORDER BY `main`.`ServiceCategory`.`order` ASC LIMIT ? OFFSET ?
prisma:query SELECT `main`.`ServiceItem`.`id`, `main`.`ServiceItem`.`categoryId`, `main`.`ServiceItem`.`titleEn`, `main`.`ServiceItem`.`titleBn`, `main`.`ServiceItem`.`descEn`, `main`.`ServiceItem`.`descBn`, `main`.`ServiceItem`.`icon`, `main`.`ServiceItem`.`theme`, `main`.`ServiceItem`.`order` FROM `main`.`ServiceItem` WHERE `main`.`ServiceItem`.`categoryId` IN (?,?,?,?) ORDER BY `main`.`ServiceItem`.`order` ASC LIMIT ? OFFSET ?
 GET /api/config 200 in 38ms
prisma:query SELECT `main`.`ServiceCategory`.`id`, `main`.`ServiceCategory`.`labelEn`, `main`.`ServiceCategory`.`labelBn`, `main`.`ServiceCategory`.`order`, `main`.`ServiceCategory`.`isActive` FROM `main`.`ServiceCategory` WHERE 1=1 ORDER BY `main`.`ServiceCategory`.`order` ASC LIMIT ? OFFSET ?
prisma:query SELECT `main`.`ServiceItem`.`id`, `main`.`ServiceItem`.`categoryId`, `main`.`ServiceItem`.`titleEn`, `main`.`ServiceItem`.`titleBn`, `main`.`ServiceItem`.`descEn`, `main`.`ServiceItem`.`descBn`, `main`.`ServiceItem`.`icon`, `main`.`ServiceItem`.`theme`, `main`.`ServiceItem`.`order` FROM `main`.`ServiceItem` WHERE `main`.`ServiceItem`.`categoryId` IN (?,?,?,?) ORDER BY `main`.`ServiceItem`.`order` ASC LIMIT ? OFFSET ?
 GET /api/config 200 in 52ms
prisma:query SELECT `main`.`ServiceCategory`.`id`, `main`.`ServiceCategory`.`labelEn`, `main`.`ServiceCategory`.`labelBn`, `main`.`ServiceCategory`.`order`, `main`.`ServiceCategory`.`isActive` FROM `main`.`ServiceCategory` WHERE 1=1 ORDER BY `main`.`ServiceCategory`.`order` ASC LIMIT ? OFFSET ?
prisma:query SELECT `main`.`ServiceItem`.`id`, `main`.`ServiceItem`.`categoryId`, `main`.`ServiceItem`.`titleEn`, `main`.`ServiceItem`.`titleBn`, `main`.`ServiceItem`.`descEn`, `main`.`ServiceItem`.`descBn`, `main`.`ServiceItem`.`icon`, `main`.`ServiceItem`.`theme`, `main`.`ServiceItem`.`order` FROM `main`.`ServiceItem` WHERE `main`.`ServiceItem`.`categoryId` IN (?,?,?,?) ORDER BY `main`.`ServiceItem`.`order` ASC LIMIT ? OFFSET ?
 GET /api/config 200 in 51ms
prisma:query SELECT `main`.`ServiceCategory`.`id`, `main`.`ServiceCategory`.`labelEn`, `main`.`ServiceCategory`.`labelBn`, `main`.`ServiceCategory`.`order`, `main`.`ServiceCategory`.`isActive` FROM `main`.`ServiceCategory` WHERE 1=1 ORDER BY `main`.`ServiceCategory`.`order` ASC LIMIT ? OFFSET ?
prisma:query SELECT `main`.`ServiceItem`.`id`, `main`.`ServiceItem`.`categoryId`, `main`.`ServiceItem`.`titleEn`, `main`.`ServiceItem`.`titleBn`, `main`.`ServiceItem`.`descEn`, `main`.`ServiceItem`.`descBn`, `main`.`ServiceItem`.`icon`, `main`.`ServiceItem`.`theme`, `main`.`ServiceItem`.`order` FROM `main`.`ServiceItem` WHERE `main`.`ServiceItem`.`categoryId` IN (?,?,?,?) ORDER BY `main`.`ServiceItem`.`order` ASC LIMIT ? OFFSET ?
 GET /api/config 200 in 52ms
prisma:query SELECT `main`.`ServiceCategory`.`id`, `main`.`ServiceCategory`.`labelEn`, `main`.`ServiceCategory`.`labelBn`, `main`.`ServiceCategory`.`order`, `main`.`ServiceCategory`.`isActive` FROM `main`.`ServiceCategory` WHERE 1=1 ORDER BY `main`.`ServiceCategory`.`order` ASC LIMIT ? OFFSET ?
prisma:query SELECT `main`.`ServiceItem`.`id`, `main`.`ServiceItem`.`categoryId`, `main`.`ServiceItem`.`titleEn`, `main`.`ServiceItem`.`titleBn`, `main`.`ServiceItem`.`descEn`, `main`.`ServiceItem`.`descBn`, `main`.`ServiceItem`.`icon`, `main`.`ServiceItem`.`theme`, `main`.`ServiceItem`.`order` FROM `main`.`ServiceItem` WHERE `main`.`ServiceItem`.`categoryId` IN (?,?,?,?) ORDER BY `main`.`ServiceItem`.`order` ASC LIMIT ? OFFSET ?
 GET /api/config 200 in 146ms
prisma:query SELECT `main`.`ServiceCategory`.`id`, `main`.`ServiceCategory`.`labelEn`, `main`.`ServiceCategory`.`labelBn`, `main`.`ServiceCategory`.`order`, `main`.`ServiceCategory`.`isActive` FROM `main`.`ServiceCategory` WHERE 1=1 ORDER BY `main`.`ServiceCategory`.`order` ASC LIMIT ? OFFSET ?
prisma:query SELECT `main`.`ServiceItem`.`id`, `main`.`ServiceItem`.`categoryId`, `main`.`ServiceItem`.`titleEn`, `main`.`ServiceItem`.`titleBn`, `main`.`ServiceItem`.`descEn`, `main`.`ServiceItem`.`descBn`, `main`.`ServiceItem`.`icon`, `main`.`ServiceItem`.`theme`, `main`.`ServiceItem`.`order` FROM `main`.`ServiceItem` WHERE `main`.`ServiceItem`.`categoryId` IN (?,?,?,?) ORDER BY `main`.`ServiceItem`.`order` ASC LIMIT ? OFFSET ?
 GET /api/config 200 in 144ms
prisma:query SELECT `main`.`CaseStudy`.`id`, `main`.`CaseStudy`.`titleEn`, `main`.`CaseStudy`.`titleBn`, `main`.`CaseStudy`.`clientEn`, `main`.`CaseStudy`.`clientBn`, `main`.`CaseStudy`.`categoryId`, `main`.`CaseStudy`.`summaryEn`, `main`.`CaseStudy`.`summaryBn`, `main`.`CaseStudy`.`metricsEn`, `main`.`CaseStudy`.`metricsBn`, `main`.`CaseStudy`.`challengeEn`, `main`.`CaseStudy`.`challengeBn`, `main`.`CaseStudy`.`solutionEn`, `main`.`CaseStudy`.`solutionBn`, `main`.`CaseStudy`.`img`, `main`.`CaseStudy`.`order`, `main`.`CaseStudy`.`isActive` FROM `main`.`CaseStudy` WHERE 1=1 ORDER BY `main`.`CaseStudy`.`order` ASC LIMIT ? OFFSET ?
 GET /api/casestudies 200 in 52ms
prisma:query SELECT `main`.`CaseStudy`.`id`, `main`.`CaseStudy`.`titleEn`, `main`.`CaseStudy`.`titleBn`, `main`.`CaseStudy`.`clientEn`, `main`.`CaseStudy`.`clientBn`, `main`.`CaseStudy`.`categoryId`, `main`.`CaseStudy`.`summaryEn`, `main`.`CaseStudy`.`summaryBn`, `main`.`CaseStudy`.`metricsEn`, `main`.`CaseStudy`.`metricsBn`, `main`.`CaseStudy`.`challengeEn`, `main`.`CaseStudy`.`challengeBn`, `main`.`CaseStudy`.`solutionEn`, `main`.`CaseStudy`.`solutionBn`, `main`.`CaseStudy`.`img`, `main`.`CaseStudy`.`order`, `main`.`CaseStudy`.`isActive` FROM `main`.`CaseStudy` WHERE 1=1 ORDER BY `main`.`CaseStudy`.`order` ASC LIMIT ? OFFSET ?
 GET /api/casestudies 200 in 53ms
prisma:query SELECT `main`.`CaseStudy`.`id`, `main`.`CaseStudy`.`titleEn`, `main`.`CaseStudy`.`titleBn`, `main`.`CaseStudy`.`clientEn`, `main`.`CaseStudy`.`clientBn`, `main`.`CaseStudy`.`categoryId`, `main`.`CaseStudy`.`summaryEn`, `main`.`CaseStudy`.`summaryBn`, `main`.`CaseStudy`.`metricsEn`, `main`.`CaseStudy`.`metricsBn`, `main`.`CaseStudy`.`challengeEn`, `main`.`CaseStudy`.`challengeBn`, `main`.`CaseStudy`.`solutionEn`, `main`.`CaseStudy`.`solutionBn`, `main`.`CaseStudy`.`img`, `main`.`CaseStudy`.`order`, `main`.`CaseStudy`.`isActive` FROM `main`.`CaseStudy` WHERE 1=1 ORDER BY `main`.`CaseStudy`.`order` ASC LIMIT ? OFFSET ?
 GET /api/casestudies 200 in 35ms
prisma:query SELECT `main`.`CaseStudy`.`id`, `main`.`CaseStudy`.`titleEn`, `main`.`CaseStudy`.`titleBn`, `main`.`CaseStudy`.`clientEn`, `main`.`CaseStudy`.`clientBn`, `main`.`CaseStudy`.`categoryId`, `main`.`CaseStudy`.`summaryEn`, `main`.`CaseStudy`.`summaryBn`, `main`.`CaseStudy`.`metricsEn`, `main`.`CaseStudy`.`metricsBn`, `main`.`CaseStudy`.`challengeEn`, `main`.`CaseStudy`.`challengeBn`, `main`.`CaseStudy`.`solutionEn`, `main`.`CaseStudy`.`solutionBn`, `main`.`CaseStudy`.`img`, `main`.`CaseStudy`.`order`, `main`.`CaseStudy`.`isActive` FROM `main`.`CaseStudy` WHERE 1=1 ORDER BY `main`.`CaseStudy`.`order` ASC LIMIT ? OFFSET ?
 GET /api/casestudies 200 in 21ms
 ⚠ Fast Refresh had to perform a full reload due to a runtime error.
 ⚠ Fast Refresh had to perform a full reload due to a runtime error.
 ⚠ Fast Refresh had to perform a full reload due to a runtime error.
 ✓ Compiled in 6.7s (4604 modules)
 GET / 200 in 5344ms
 GET / 200 in 5353ms
 GET / 200 in 5382ms
 GET /favicon.ico 200 in 35ms
 GET /favicon.ico 200 in 18ms
prisma:query SELECT 1
prisma:query SELECT `main`.`ServiceCategory`.`id`, `main`.`ServiceCategory`.`labelEn`, `main`.`ServiceCategory`.`labelBn`, `main`.`ServiceCategory`.`order`, `main`.`ServiceCategory`.`isActive` FROM `main`.`ServiceCategory` WHERE 1=1 ORDER BY `main`.`ServiceCategory`.`order` ASC LIMIT ? OFFSET ?
prisma:query SELECT `main`.`ServiceItem`.`id`, `main`.`ServiceItem`.`categoryId`, `main`.`ServiceItem`.`titleEn`, `main`.`ServiceItem`.`titleBn`, `main`.`ServiceItem`.`descEn`, `main`.`ServiceItem`.`descBn`, `main`.`ServiceItem`.`icon`, `main`.`ServiceItem`.`theme`, `main`.`ServiceItem`.`order` FROM `main`.`ServiceItem` WHERE `main`.`ServiceItem`.`categoryId` IN (?,?,?,?) ORDER BY `main`.`ServiceItem`.`order` ASC LIMIT ? OFFSET ?
 GET /api/config 200 in 58ms
prisma:query SELECT `main`.`ServiceCategory`.`id`, `main`.`ServiceCategory`.`labelEn`, `main`.`ServiceCategory`.`labelBn`, `main`.`ServiceCategory`.`order`, `main`.`ServiceCategory`.`isActive` FROM `main`.`ServiceCategory` WHERE 1=1 ORDER BY `main`.`ServiceCategory`.`order` ASC LIMIT ? OFFSET ?
prisma:query SELECT `main`.`ServiceItem`.`id`, `main`.`ServiceItem`.`categoryId`, `main`.`ServiceItem`.`titleEn`, `main`.`ServiceItem`.`titleBn`, `main`.`ServiceItem`.`descEn`, `main`.`ServiceItem`.`descBn`, `main`.`ServiceItem`.`icon`, `main`.`ServiceItem`.`theme`, `main`.`ServiceItem`.`order` FROM `main`.`ServiceItem` WHERE `main`.`ServiceItem`.`categoryId` IN (?,?,?,?) ORDER BY `main`.`ServiceItem`.`order` ASC LIMIT ? OFFSET ?
 GET /api/config 200 in 25ms
prisma:query SELECT 1
prisma:query SELECT `main`.`ServiceCategory`.`id`, `main`.`ServiceCategory`.`labelEn`, `main`.`ServiceCategory`.`labelBn`, `main`.`ServiceCategory`.`order`, `main`.`ServiceCategory`.`isActive` FROM `main`.`ServiceCategory` WHERE 1=1 ORDER BY `main`.`ServiceCategory`.`order` ASC LIMIT ? OFFSET ?
prisma:query SELECT `main`.`ServiceCategory`.`id`, `main`.`ServiceCategory`.`labelEn`, `main`.`ServiceCategory`.`labelBn`, `main`.`ServiceCategory`.`order`, `main`.`ServiceCategory`.`isActive` FROM `main`.`ServiceCategory` WHERE 1=1 ORDER BY `main`.`ServiceCategory`.`order` ASC LIMIT ? OFFSET ?
prisma:query SELECT `main`.`ServiceItem`.`id`, `main`.`ServiceItem`.`categoryId`, `main`.`ServiceItem`.`titleEn`, `main`.`ServiceItem`.`titleBn`, `main`.`ServiceItem`.`descEn`, `main`.`ServiceItem`.`descBn`, `main`.`ServiceItem`.`icon`, `main`.`ServiceItem`.`theme`, `main`.`ServiceItem`.`order` FROM `main`.`ServiceItem` WHERE `main`.`ServiceItem`.`categoryId` IN (?,?,?,?) ORDER BY `main`.`ServiceItem`.`order` ASC LIMIT ? OFFSET ?
 GET /api/config 200 in 28ms
prisma:query SELECT `main`.`ServiceItem`.`id`, `main`.`ServiceItem`.`categoryId`, `main`.`ServiceItem`.`titleEn`, `main`.`ServiceItem`.`titleBn`, `main`.`ServiceItem`.`descEn`, `main`.`ServiceItem`.`descBn`, `main`.`ServiceItem`.`icon`, `main`.`ServiceItem`.`theme`, `main`.`ServiceItem`.`order` FROM `main`.`ServiceItem` WHERE `main`.`ServiceItem`.`categoryId` IN (?,?,?,?) ORDER BY `main`.`ServiceItem`.`order` ASC LIMIT ? OFFSET ?
 GET /api/config 200 in 51ms
prisma:query SELECT `main`.`ServiceCategory`.`id`, `main`.`ServiceCategory`.`labelEn`, `main`.`ServiceCategory`.`labelBn`, `main`.`ServiceCategory`.`order`, `main`.`ServiceCategory`.`isActive` FROM `main`.`ServiceCategory` WHERE 1=1 ORDER BY `main`.`ServiceCategory`.`order` ASC LIMIT ? OFFSET ?
prisma:query SELECT `main`.`ServiceItem`.`id`, `main`.`ServiceItem`.`categoryId`, `main`.`ServiceItem`.`titleEn`, `main`.`ServiceItem`.`titleBn`, `main`.`ServiceItem`.`descEn`, `main`.`ServiceItem`.`descBn`, `main`.`ServiceItem`.`icon`, `main`.`ServiceItem`.`theme`, `main`.`ServiceItem`.`order` FROM `main`.`ServiceItem` WHERE `main`.`ServiceItem`.`categoryId` IN (?,?,?,?) ORDER BY `main`.`ServiceItem`.`order` ASC LIMIT ? OFFSET ?
 GET /api/config 200 in 25ms
prisma:query SELECT `main`.`CaseStudy`.`id`, `main`.`CaseStudy`.`titleEn`, `main`.`CaseStudy`.`titleBn`, `main`.`CaseStudy`.`clientEn`, `main`.`CaseStudy`.`clientBn`, `main`.`CaseStudy`.`categoryId`, `main`.`CaseStudy`.`summaryEn`, `main`.`CaseStudy`.`summaryBn`, `main`.`CaseStudy`.`metricsEn`, `main`.`CaseStudy`.`metricsBn`, `main`.`CaseStudy`.`challengeEn`, `main`.`CaseStudy`.`challengeBn`, `main`.`CaseStudy`.`solutionEn`, `main`.`CaseStudy`.`solutionBn`, `main`.`CaseStudy`.`img`, `main`.`CaseStudy`.`order`, `main`.`CaseStudy`.`isActive` FROM `main`.`CaseStudy` WHERE 1=1 ORDER BY `main`.`CaseStudy`.`order` ASC LIMIT ? OFFSET ?
 GET /api/casestudies 200 in 75ms
prisma:query SELECT `main`.`ServiceCategory`.`id`, `main`.`ServiceCategory`.`labelEn`, `main`.`ServiceCategory`.`labelBn`, `main`.`ServiceCategory`.`order`, `main`.`ServiceCategory`.`isActive` FROM `main`.`ServiceCategory` WHERE 1=1 ORDER BY `main`.`ServiceCategory`.`order` ASC LIMIT ? OFFSET ?
prisma:query SELECT `main`.`ServiceItem`.`id`, `main`.`ServiceItem`.`categoryId`, `main`.`ServiceItem`.`titleEn`, `main`.`ServiceItem`.`titleBn`, `main`.`ServiceItem`.`descEn`, `main`.`ServiceItem`.`descBn`, `main`.`ServiceItem`.`icon`, `main`.`ServiceItem`.`theme`, `main`.`ServiceItem`.`order` FROM `main`.`ServiceItem` WHERE `main`.`ServiceItem`.`categoryId` IN (?,?,?,?) ORDER BY `main`.`ServiceItem`.`order` ASC LIMIT ? OFFSET ?
 GET /api/config 200 in 88ms
prisma:query SELECT `main`.`ServiceCategory`.`id`, `main`.`ServiceCategory`.`labelEn`, `main`.`ServiceCategory`.`labelBn`, `main`.`ServiceCategory`.`order`, `main`.`ServiceCategory`.`isActive` FROM `main`.`ServiceCategory` WHERE 1=1 ORDER BY `main`.`ServiceCategory`.`order` ASC LIMIT ? OFFSET ?
prisma:query SELECT `main`.`ServiceItem`.`id`, `main`.`ServiceItem`.`categoryId`, `main`.`ServiceItem`.`titleEn`, `main`.`ServiceItem`.`titleBn`, `main`.`ServiceItem`.`descEn`, `main`.`ServiceItem`.`descBn`, `main`.`ServiceItem`.`icon`, `main`.`ServiceItem`.`theme`, `main`.`ServiceItem`.`order` FROM `main`.`ServiceItem` WHERE `main`.`ServiceItem`.`categoryId` IN (?,?,?,?) ORDER BY `main`.`ServiceItem`.`order` ASC LIMIT ? OFFSET ?
 GET /api/config 200 in 56ms
prisma:query SELECT `main`.`CaseStudy`.`id`, `main`.`CaseStudy`.`titleEn`, `main`.`CaseStudy`.`titleBn`, `main`.`CaseStudy`.`clientEn`, `main`.`CaseStudy`.`clientBn`, `main`.`CaseStudy`.`categoryId`, `main`.`CaseStudy`.`summaryEn`, `main`.`CaseStudy`.`summaryBn`, `main`.`CaseStudy`.`metricsEn`, `main`.`CaseStudy`.`metricsBn`, `main`.`CaseStudy`.`challengeEn`, `main`.`CaseStudy`.`challengeBn`, `main`.`CaseStudy`.`solutionEn`, `main`.`CaseStudy`.`solutionBn`, `main`.`CaseStudy`.`img`, `main`.`CaseStudy`.`order`, `main`.`CaseStudy`.`isActive` FROM `main`.`CaseStudy` WHERE 1=1 ORDER BY `main`.`CaseStudy`.`order` ASC LIMIT ? OFFSET ?
 GET /api/casestudies 200 in 104ms
prisma:query SELECT `main`.`ServiceCategory`.`id`, `main`.`ServiceCategory`.`labelEn`, `main`.`ServiceCategory`.`labelBn`, `main`.`ServiceCategory`.`order`, `main`.`ServiceCategory`.`isActive` FROM `main`.`ServiceCategory` WHERE 1=1 ORDER BY `main`.`ServiceCategory`.`order` ASC LIMIT ? OFFSET ?
prisma:query SELECT `main`.`ServiceItem`.`id`, `main`.`ServiceItem`.`categoryId`, `main`.`ServiceItem`.`titleEn`, `main`.`ServiceItem`.`titleBn`, `main`.`ServiceItem`.`descEn`, `main`.`ServiceItem`.`descBn`, `main`.`ServiceItem`.`icon`, `main`.`ServiceItem`.`theme`, `main`.`ServiceItem`.`order` FROM `main`.`ServiceItem` WHERE `main`.`ServiceItem`.`categoryId` IN (?,?,?,?) ORDER BY `main`.`ServiceItem`.`order` ASC LIMIT ? OFFSET ?
 GET /api/config 200 in 34ms
prisma:query SELECT `main`.`ServiceCategory`.`id`, `main`.`ServiceCategory`.`labelEn`, `main`.`ServiceCategory`.`labelBn`, `main`.`ServiceCategory`.`order`, `main`.`ServiceCategory`.`isActive` FROM `main`.`ServiceCategory` WHERE 1=1 ORDER BY `main`.`ServiceCategory`.`order` ASC LIMIT ? OFFSET ?
prisma:query SELECT `main`.`ServiceItem`.`id`, `main`.`ServiceItem`.`categoryId`, `main`.`ServiceItem`.`titleEn`, `main`.`ServiceItem`.`titleBn`, `main`.`ServiceItem`.`descEn`, `main`.`ServiceItem`.`descBn`, `main`.`ServiceItem`.`icon`, `main`.`ServiceItem`.`theme`, `main`.`ServiceItem`.`order` FROM `main`.`ServiceItem` WHERE `main`.`ServiceItem`.`categoryId` IN (?,?,?,?) ORDER BY `main`.`ServiceItem`.`order` ASC LIMIT ? OFFSET ?
 GET /api/config 200 in 71ms
prisma:query SELECT `main`.`ServiceCategory`.`id`, `main`.`ServiceCategory`.`labelEn`, `main`.`ServiceCategory`.`labelBn`, `main`.`ServiceCategory`.`order`, `main`.`ServiceCategory`.`isActive` FROM `main`.`ServiceCategory` WHERE 1=1 ORDER BY `main`.`ServiceCategory`.`order` ASC LIMIT ? OFFSET ?
prisma:query SELECT `main`.`ServiceItem`.`id`, `main`.`ServiceItem`.`categoryId`, `main`.`ServiceItem`.`titleEn`, `main`.`ServiceItem`.`titleBn`, `main`.`ServiceItem`.`descEn`, `main`.`ServiceItem`.`descBn`, `main`.`ServiceItem`.`icon`, `main`.`ServiceItem`.`theme`, `main`.`ServiceItem`.`order` FROM `main`.`ServiceItem` WHERE `main`.`ServiceItem`.`categoryId` IN (?,?,?,?) ORDER BY `main`.`ServiceItem`.`order` ASC LIMIT ? OFFSET ?
 GET /api/config 200 in 77ms
prisma:query SELECT `main`.`CaseStudy`.`id`, `main`.`CaseStudy`.`titleEn`, `main`.`CaseStudy`.`titleBn`, `main`.`CaseStudy`.`clientEn`, `main`.`CaseStudy`.`clientBn`, `main`.`CaseStudy`.`categoryId`, `main`.`CaseStudy`.`summaryEn`, `main`.`CaseStudy`.`summaryBn`, `main`.`CaseStudy`.`metricsEn`, `main`.`CaseStudy`.`metricsBn`, `main`.`CaseStudy`.`challengeEn`, `main`.`CaseStudy`.`challengeBn`, `main`.`CaseStudy`.`solutionEn`, `main`.`CaseStudy`.`solutionBn`, `main`.`CaseStudy`.`img`, `main`.`CaseStudy`.`order`, `main`.`CaseStudy`.`isActive` FROM `main`.`CaseStudy` WHERE 1=1 ORDER BY `main`.`CaseStudy`.`order` ASC LIMIT ? OFFSET ?
 GET /api/casestudies 200 in 51ms
prisma:query SELECT `main`.`ServiceCategory`.`id`, `main`.`ServiceCategory`.`labelEn`, `main`.`ServiceCategory`.`labelBn`, `main`.`ServiceCategory`.`order`, `main`.`ServiceCategory`.`isActive` FROM `main`.`ServiceCategory` WHERE 1=1 ORDER BY `main`.`ServiceCategory`.`order` ASC LIMIT ? OFFSET ?
prisma:query SELECT `main`.`ServiceItem`.`id`, `main`.`ServiceItem`.`categoryId`, `main`.`ServiceItem`.`titleEn`, `main`.`ServiceItem`.`titleBn`, `main`.`ServiceItem`.`descEn`, `main`.`ServiceItem`.`descBn`, `main`.`ServiceItem`.`icon`, `main`.`ServiceItem`.`theme`, `main`.`ServiceItem`.`order` FROM `main`.`ServiceItem` WHERE `main`.`ServiceItem`.`categoryId` IN (?,?,?,?) ORDER BY `main`.`ServiceItem`.`order` ASC LIMIT ? OFFSET ?
 GET /api/config 200 in 83ms
prisma:query SELECT `main`.`CaseStudy`.`id`, `main`.`CaseStudy`.`titleEn`, `main`.`CaseStudy`.`titleBn`, `main`.`CaseStudy`.`clientEn`, `main`.`CaseStudy`.`clientBn`, `main`.`CaseStudy`.`categoryId`, `main`.`CaseStudy`.`summaryEn`, `main`.`CaseStudy`.`summaryBn`, `main`.`CaseStudy`.`metricsEn`, `main`.`CaseStudy`.`metricsBn`, `main`.`CaseStudy`.`challengeEn`, `main`.`CaseStudy`.`challengeBn`, `main`.`CaseStudy`.`solutionEn`, `main`.`CaseStudy`.`solutionBn`, `main`.`CaseStudy`.`img`, `main`.`CaseStudy`.`order`, `main`.`CaseStudy`.`isActive` FROM `main`.`CaseStudy` WHERE 1=1 ORDER BY `main`.`CaseStudy`.`order` ASC LIMIT ? OFFSET ?
 GET /api/casestudies 200 in 45ms
prisma:query SELECT `main`.`ServiceCategory`.`id`, `main`.`ServiceCategory`.`labelEn`, `main`.`ServiceCategory`.`labelBn`, `main`.`ServiceCategory`.`order`, `main`.`ServiceCategory`.`isActive` FROM `main`.`ServiceCategory` WHERE 1=1 ORDER BY `main`.`ServiceCategory`.`order` ASC LIMIT ? OFFSET ?
prisma:query SELECT `main`.`ServiceItem`.`id`, `main`.`ServiceItem`.`categoryId`, `main`.`ServiceItem`.`titleEn`, `main`.`ServiceItem`.`titleBn`, `main`.`ServiceItem`.`descEn`, `main`.`ServiceItem`.`descBn`, `main`.`ServiceItem`.`icon`, `main`.`ServiceItem`.`theme`, `main`.`ServiceItem`.`order` FROM `main`.`ServiceItem` WHERE `main`.`ServiceItem`.`categoryId` IN (?,?,?,?) ORDER BY `main`.`ServiceItem`.`order` ASC LIMIT ? OFFSET ?
 GET /api/config 200 in 37ms
prisma:query SELECT `main`.`CaseStudy`.`id`, `main`.`CaseStudy`.`titleEn`, `main`.`CaseStudy`.`titleBn`, `main`.`CaseStudy`.`clientEn`, `main`.`CaseStudy`.`clientBn`, `main`.`CaseStudy`.`categoryId`, `main`.`CaseStudy`.`summaryEn`, `main`.`CaseStudy`.`summaryBn`, `main`.`CaseStudy`.`metricsEn`, `main`.`CaseStudy`.`metricsBn`, `main`.`CaseStudy`.`challengeEn`, `main`.`CaseStudy`.`challengeBn`, `main`.`CaseStudy`.`solutionEn`, `main`.`CaseStudy`.`solutionBn`, `main`.`CaseStudy`.`img`, `main`.`CaseStudy`.`order`, `main`.`CaseStudy`.`isActive` FROM `main`.`CaseStudy` WHERE 1=1 ORDER BY `main`.`CaseStudy`.`order` ASC LIMIT ? OFFSET ?
 GET /api/casestudies 200 in 17ms
prisma:query SELECT `main`.`CaseStudy`.`id`, `main`.`CaseStudy`.`titleEn`, `main`.`CaseStudy`.`titleBn`, `main`.`CaseStudy`.`clientEn`, `main`.`CaseStudy`.`clientBn`, `main`.`CaseStudy`.`categoryId`, `main`.`CaseStudy`.`summaryEn`, `main`.`CaseStudy`.`summaryBn`, `main`.`CaseStudy`.`metricsEn`, `main`.`CaseStudy`.`metricsBn`, `main`.`CaseStudy`.`challengeEn`, `main`.`CaseStudy`.`challengeBn`, `main`.`CaseStudy`.`solutionEn`, `main`.`CaseStudy`.`solutionBn`, `main`.`CaseStudy`.`img`, `main`.`CaseStudy`.`order`, `main`.`CaseStudy`.`isActive` FROM `main`.`CaseStudy` WHERE 1=1 ORDER BY `main`.`CaseStudy`.`order` ASC LIMIT ? OFFSET ?
 GET /api/casestudies 200 in 25ms
 ✓ Compiled in 4.7s (4604 modules)
 ⚠ Fast Refresh had to perform a full reload due to a runtime error.
 ⚠ Fast Refresh had to perform a full reload due to a runtime error.
 ⚠ Fast Refresh had to perform a full reload due to a runtime error.
 GET / 200 in 3764ms
 GET / 200 in 3757ms
 GET / 200 in 3825ms
 GET /favicon.ico 200 in 30ms
 GET /favicon.ico 200 in 24ms
prisma:query SELECT 1
prisma:query SELECT `main`.`ServiceCategory`.`id`, `main`.`ServiceCategory`.`labelEn`, `main`.`ServiceCategory`.`labelBn`, `main`.`ServiceCategory`.`order`, `main`.`ServiceCategory`.`isActive` FROM `main`.`ServiceCategory` WHERE 1=1 ORDER BY `main`.`ServiceCategory`.`order` ASC LIMIT ? OFFSET ?
prisma:query SELECT `main`.`ServiceItem`.`id`, `main`.`ServiceItem`.`categoryId`, `main`.`ServiceItem`.`titleEn`, `main`.`ServiceItem`.`titleBn`, `main`.`ServiceItem`.`descEn`, `main`.`ServiceItem`.`descBn`, `main`.`ServiceItem`.`icon`, `main`.`ServiceItem`.`theme`, `main`.`ServiceItem`.`order` FROM `main`.`ServiceItem` WHERE `main`.`ServiceItem`.`categoryId` IN (?,?,?,?) ORDER BY `main`.`ServiceItem`.`order` ASC LIMIT ? OFFSET ?
 GET /api/config 200 in 37ms
prisma:query SELECT `main`.`ServiceCategory`.`id`, `main`.`ServiceCategory`.`labelEn`, `main`.`ServiceCategory`.`labelBn`, `main`.`ServiceCategory`.`order`, `main`.`ServiceCategory`.`isActive` FROM `main`.`ServiceCategory` WHERE 1=1 ORDER BY `main`.`ServiceCategory`.`order` ASC LIMIT ? OFFSET ?
prisma:query SELECT `main`.`ServiceItem`.`id`, `main`.`ServiceItem`.`categoryId`, `main`.`ServiceItem`.`titleEn`, `main`.`ServiceItem`.`titleBn`, `main`.`ServiceItem`.`descEn`, `main`.`ServiceItem`.`descBn`, `main`.`ServiceItem`.`icon`, `main`.`ServiceItem`.`theme`, `main`.`ServiceItem`.`order` FROM `main`.`ServiceItem` WHERE `main`.`ServiceItem`.`categoryId` IN (?,?,?,?) ORDER BY `main`.`ServiceItem`.`order` ASC LIMIT ? OFFSET ?
 GET /api/config 200 in 30ms
prisma:query SELECT `main`.`ServiceCategory`.`id`, `main`.`ServiceCategory`.`labelEn`, `main`.`ServiceCategory`.`labelBn`, `main`.`ServiceCategory`.`order`, `main`.`ServiceCategory`.`isActive` FROM `main`.`ServiceCategory` WHERE 1=1 ORDER BY `main`.`ServiceCategory`.`order` ASC LIMIT ? OFFSET ?
prisma:query SELECT `main`.`ServiceItem`.`id`, `main`.`ServiceItem`.`categoryId`, `main`.`ServiceItem`.`titleEn`, `main`.`ServiceItem`.`titleBn`, `main`.`ServiceItem`.`descEn`, `main`.`ServiceItem`.`descBn`, `main`.`ServiceItem`.`icon`, `main`.`ServiceItem`.`theme`, `main`.`ServiceItem`.`order` FROM `main`.`ServiceItem` WHERE `main`.`ServiceItem`.`categoryId` IN (?,?,?,?) ORDER BY `main`.`ServiceItem`.`order` ASC LIMIT ? OFFSET ?
 GET /api/config 200 in 30ms
prisma:query SELECT 1
prisma:query SELECT `main`.`ServiceCategory`.`id`, `main`.`ServiceCategory`.`labelEn`, `main`.`ServiceCategory`.`labelBn`, `main`.`ServiceCategory`.`order`, `main`.`ServiceCategory`.`isActive` FROM `main`.`ServiceCategory` WHERE 1=1 ORDER BY `main`.`ServiceCategory`.`order` ASC LIMIT ? OFFSET ?
prisma:query SELECT `main`.`ServiceCategory`.`id`, `main`.`ServiceCategory`.`labelEn`, `main`.`ServiceCategory`.`labelBn`, `main`.`ServiceCategory`.`order`, `main`.`ServiceCategory`.`isActive` FROM `main`.`ServiceCategory` WHERE 1=1 ORDER BY `main`.`ServiceCategory`.`order` ASC LIMIT ? OFFSET ?
prisma:query SELECT `main`.`ServiceItem`.`id`, `main`.`ServiceItem`.`categoryId`, `main`.`ServiceItem`.`titleEn`, `main`.`ServiceItem`.`titleBn`, `main`.`ServiceItem`.`descEn`, `main`.`ServiceItem`.`descBn`, `main`.`ServiceItem`.`icon`, `main`.`ServiceItem`.`theme`, `main`.`ServiceItem`.`order` FROM `main`.`ServiceItem` WHERE `main`.`ServiceItem`.`categoryId` IN (?,?,?,?) ORDER BY `main`.`ServiceItem`.`order` ASC LIMIT ? OFFSET ?
prisma:query SELECT `main`.`ServiceItem`.`id`, `main`.`ServiceItem`.`categoryId`, `main`.`ServiceItem`.`titleEn`, `main`.`ServiceItem`.`titleBn`, `main`.`ServiceItem`.`descEn`, `main`.`ServiceItem`.`descBn`, `main`.`ServiceItem`.`icon`, `main`.`ServiceItem`.`theme`, `main`.`ServiceItem`.`order` FROM `main`.`ServiceItem` WHERE `main`.`ServiceItem`.`categoryId` IN (?,?,?,?) ORDER BY `main`.`ServiceItem`.`order` ASC LIMIT ? OFFSET ?
 GET /api/config 200 in 67ms
 GET /api/config 200 in 67ms
prisma:query SELECT `main`.`CaseStudy`.`id`, `main`.`CaseStudy`.`titleEn`, `main`.`CaseStudy`.`titleBn`, `main`.`CaseStudy`.`clientEn`, `main`.`CaseStudy`.`clientBn`, `main`.`CaseStudy`.`categoryId`, `main`.`CaseStudy`.`summaryEn`, `main`.`CaseStudy`.`summaryBn`, `main`.`CaseStudy`.`metricsEn`, `main`.`CaseStudy`.`metricsBn`, `main`.`CaseStudy`.`challengeEn`, `main`.`CaseStudy`.`challengeBn`, `main`.`CaseStudy`.`solutionEn`, `main`.`CaseStudy`.`solutionBn`, `main`.`CaseStudy`.`img`, `main`.`CaseStudy`.`order`, `main`.`CaseStudy`.`isActive` FROM `main`.`CaseStudy` WHERE 1=1 ORDER BY `main`.`CaseStudy`.`order` ASC LIMIT ? OFFSET ?
 GET /api/casestudies 200 in 62ms
prisma:query SELECT `main`.`ServiceCategory`.`id`, `main`.`ServiceCategory`.`labelEn`, `main`.`ServiceCategory`.`labelBn`, `main`.`ServiceCategory`.`order`, `main`.`ServiceCategory`.`isActive` FROM `main`.`ServiceCategory` WHERE 1=1 ORDER BY `main`.`ServiceCategory`.`order` ASC LIMIT ? OFFSET ?
prisma:query SELECT `main`.`ServiceItem`.`id`, `main`.`ServiceItem`.`categoryId`, `main`.`ServiceItem`.`titleEn`, `main`.`ServiceItem`.`titleBn`, `main`.`ServiceItem`.`descEn`, `main`.`ServiceItem`.`descBn`, `main`.`ServiceItem`.`icon`, `main`.`ServiceItem`.`theme`, `main`.`ServiceItem`.`order` FROM `main`.`ServiceItem` WHERE `main`.`ServiceItem`.`categoryId` IN (?,?,?,?) ORDER BY `main`.`ServiceItem`.`order` ASC LIMIT ? OFFSET ?
 GET /api/config 200 in 46ms
prisma:query SELECT `main`.`ServiceCategory`.`id`, `main`.`ServiceCategory`.`labelEn`, `main`.`ServiceCategory`.`labelBn`, `main`.`ServiceCategory`.`order`, `main`.`ServiceCategory`.`isActive` FROM `main`.`ServiceCategory` WHERE 1=1 ORDER BY `main`.`ServiceCategory`.`order` ASC LIMIT ? OFFSET ?
prisma:query SELECT `main`.`ServiceItem`.`id`, `main`.`ServiceItem`.`categoryId`, `main`.`ServiceItem`.`titleEn`, `main`.`ServiceItem`.`titleBn`, `main`.`ServiceItem`.`descEn`, `main`.`ServiceItem`.`descBn`, `main`.`ServiceItem`.`icon`, `main`.`ServiceItem`.`theme`, `main`.`ServiceItem`.`order` FROM `main`.`ServiceItem` WHERE `main`.`ServiceItem`.`categoryId` IN (?,?,?,?) ORDER BY `main`.`ServiceItem`.`order` ASC LIMIT ? OFFSET ?
 GET /api/config 200 in 32ms
prisma:query SELECT `main`.`ServiceCategory`.`id`, `main`.`ServiceCategory`.`labelEn`, `main`.`ServiceCategory`.`labelBn`, `main`.`ServiceCategory`.`order`, `main`.`ServiceCategory`.`isActive` FROM `main`.`ServiceCategory` WHERE 1=1 ORDER BY `main`.`ServiceCategory`.`order` ASC LIMIT ? OFFSET ?
prisma:query SELECT `main`.`ServiceItem`.`id`, `main`.`ServiceItem`.`categoryId`, `main`.`ServiceItem`.`titleEn`, `main`.`ServiceItem`.`titleBn`, `main`.`ServiceItem`.`descEn`, `main`.`ServiceItem`.`descBn`, `main`.`ServiceItem`.`icon`, `main`.`ServiceItem`.`theme`, `main`.`ServiceItem`.`order` FROM `main`.`ServiceItem` WHERE `main`.`ServiceItem`.`categoryId` IN (?,?,?,?) ORDER BY `main`.`ServiceItem`.`order` ASC LIMIT ? OFFSET ?
 GET /api/config 200 in 19ms
prisma:query SELECT `main`.`ServiceCategory`.`id`, `main`.`ServiceCategory`.`labelEn`, `main`.`ServiceCategory`.`labelBn`, `main`.`ServiceCategory`.`order`, `main`.`ServiceCategory`.`isActive` FROM `main`.`ServiceCategory` WHERE 1=1 ORDER BY `main`.`ServiceCategory`.`order` ASC LIMIT ? OFFSET ?
prisma:query SELECT `main`.`ServiceItem`.`id`, `main`.`ServiceItem`.`categoryId`, `main`.`ServiceItem`.`titleEn`, `main`.`ServiceItem`.`titleBn`, `main`.`ServiceItem`.`descEn`, `main`.`ServiceItem`.`descBn`, `main`.`ServiceItem`.`icon`, `main`.`ServiceItem`.`theme`, `main`.`ServiceItem`.`order` FROM `main`.`ServiceItem` WHERE `main`.`ServiceItem`.`categoryId` IN (?,?,?,?) ORDER BY `main`.`ServiceItem`.`order` ASC LIMIT ? OFFSET ?
 GET /api/config 200 in 95ms
prisma:query SELECT `main`.`ServiceCategory`.`id`, `main`.`ServiceCategory`.`labelEn`, `main`.`ServiceCategory`.`labelBn`, `main`.`ServiceCategory`.`order`, `main`.`ServiceCategory`.`isActive` FROM `main`.`ServiceCategory` WHERE 1=1 ORDER BY `main`.`ServiceCategory`.`order` ASC LIMIT ? OFFSET ?
prisma:query SELECT `main`.`ServiceItem`.`id`, `main`.`ServiceItem`.`categoryId`, `main`.`ServiceItem`.`titleEn`, `main`.`ServiceItem`.`titleBn`, `main`.`ServiceItem`.`descEn`, `main`.`ServiceItem`.`descBn`, `main`.`ServiceItem`.`icon`, `main`.`ServiceItem`.`theme`, `main`.`ServiceItem`.`order` FROM `main`.`ServiceItem` WHERE `main`.`ServiceItem`.`categoryId` IN (?,?,?,?) ORDER BY `main`.`ServiceItem`.`order` ASC LIMIT ? OFFSET ?
 GET /api/config 200 in 46ms
prisma:query SELECT `main`.`CaseStudy`.`id`, `main`.`CaseStudy`.`titleEn`, `main`.`CaseStudy`.`titleBn`, `main`.`CaseStudy`.`clientEn`, `main`.`CaseStudy`.`clientBn`, `main`.`CaseStudy`.`categoryId`, `main`.`CaseStudy`.`summaryEn`, `main`.`CaseStudy`.`summaryBn`, `main`.`CaseStudy`.`metricsEn`, `main`.`CaseStudy`.`metricsBn`, `main`.`CaseStudy`.`challengeEn`, `main`.`CaseStudy`.`challengeBn`, `main`.`CaseStudy`.`solutionEn`, `main`.`CaseStudy`.`solutionBn`, `main`.`CaseStudy`.`img`, `main`.`CaseStudy`.`order`, `main`.`CaseStudy`.`isActive` FROM `main`.`CaseStudy` WHERE 1=1 ORDER BY `main`.`CaseStudy`.`order` ASC LIMIT ? OFFSET ?
 GET /api/casestudies 200 in 81ms
prisma:query SELECT `main`.`CaseStudy`.`id`, `main`.`CaseStudy`.`titleEn`, `main`.`CaseStudy`.`titleBn`, `main`.`CaseStudy`.`clientEn`, `main`.`CaseStudy`.`clientBn`, `main`.`CaseStudy`.`categoryId`, `main`.`CaseStudy`.`summaryEn`, `main`.`CaseStudy`.`summaryBn`, `main`.`CaseStudy`.`metricsEn`, `main`.`CaseStudy`.`metricsBn`, `main`.`CaseStudy`.`challengeEn`, `main`.`CaseStudy`.`challengeBn`, `main`.`CaseStudy`.`solutionEn`, `main`.`CaseStudy`.`solutionBn`, `main`.`CaseStudy`.`img`, `main`.`CaseStudy`.`order`, `main`.`CaseStudy`.`isActive` FROM `main`.`CaseStudy` WHERE 1=1 ORDER BY `main`.`CaseStudy`.`order` ASC LIMIT ? OFFSET ?
 GET /api/casestudies 200 in 89ms
prisma:query SELECT `main`.`ServiceCategory`.`id`, `main`.`ServiceCategory`.`labelEn`, `main`.`ServiceCategory`.`labelBn`, `main`.`ServiceCategory`.`order`, `main`.`ServiceCategory`.`isActive` FROM `main`.`ServiceCategory` WHERE 1=1 ORDER BY `main`.`ServiceCategory`.`order` ASC LIMIT ? OFFSET ?
prisma:query SELECT `main`.`ServiceItem`.`id`, `main`.`ServiceItem`.`categoryId`, `main`.`ServiceItem`.`titleEn`, `main`.`ServiceItem`.`titleBn`, `main`.`ServiceItem`.`descEn`, `main`.`ServiceItem`.`descBn`, `main`.`ServiceItem`.`icon`, `main`.`ServiceItem`.`theme`, `main`.`ServiceItem`.`order` FROM `main`.`ServiceItem` WHERE `main`.`ServiceItem`.`categoryId` IN (?,?,?,?) ORDER BY `main`.`ServiceItem`.`order` ASC LIMIT ? OFFSET ?
 GET /api/config 200 in 30ms
prisma:query SELECT `main`.`ServiceCategory`.`id`, `main`.`ServiceCategory`.`labelEn`, `main`.`ServiceCategory`.`labelBn`, `main`.`ServiceCategory`.`order`, `main`.`ServiceCategory`.`isActive` FROM `main`.`ServiceCategory` WHERE 1=1 ORDER BY `main`.`ServiceCategory`.`order` ASC LIMIT ? OFFSET ?
prisma:query SELECT `main`.`ServiceItem`.`id`, `main`.`ServiceItem`.`categoryId`, `main`.`ServiceItem`.`titleEn`, `main`.`ServiceItem`.`titleBn`, `main`.`ServiceItem`.`descEn`, `main`.`ServiceItem`.`descBn`, `main`.`ServiceItem`.`icon`, `main`.`ServiceItem`.`theme`, `main`.`ServiceItem`.`order` FROM `main`.`ServiceItem` WHERE `main`.`ServiceItem`.`categoryId` IN (?,?,?,?) ORDER BY `main`.`ServiceItem`.`order` ASC LIMIT ? OFFSET ?
 GET /api/config 200 in 21ms
prisma:query SELECT `main`.`CaseStudy`.`id`, `main`.`CaseStudy`.`titleEn`, `main`.`CaseStudy`.`titleBn`, `main`.`CaseStudy`.`clientEn`, `main`.`CaseStudy`.`clientBn`, `main`.`CaseStudy`.`categoryId`, `main`.`CaseStudy`.`summaryEn`, `main`.`CaseStudy`.`summaryBn`, `main`.`CaseStudy`.`metricsEn`, `main`.`CaseStudy`.`metricsBn`, `main`.`CaseStudy`.`challengeEn`, `main`.`CaseStudy`.`challengeBn`, `main`.`CaseStudy`.`solutionEn`, `main`.`CaseStudy`.`solutionBn`, `main`.`CaseStudy`.`img`, `main`.`CaseStudy`.`order`, `main`.`CaseStudy`.`isActive` FROM `main`.`CaseStudy` WHERE 1=1 ORDER BY `main`.`CaseStudy`.`order` ASC LIMIT ? OFFSET ?
 GET /api/casestudies 200 in 26ms
prisma:query SELECT `main`.`CaseStudy`.`id`, `main`.`CaseStudy`.`titleEn`, `main`.`CaseStudy`.`titleBn`, `main`.`CaseStudy`.`clientEn`, `main`.`CaseStudy`.`clientBn`, `main`.`CaseStudy`.`categoryId`, `main`.`CaseStudy`.`summaryEn`, `main`.`CaseStudy`.`summaryBn`, `main`.`CaseStudy`.`metricsEn`, `main`.`CaseStudy`.`metricsBn`, `main`.`CaseStudy`.`challengeEn`, `main`.`CaseStudy`.`challengeBn`, `main`.`CaseStudy`.`solutionEn`, `main`.`CaseStudy`.`solutionBn`, `main`.`CaseStudy`.`img`, `main`.`CaseStudy`.`order`, `main`.`CaseStudy`.`isActive` FROM `main`.`CaseStudy` WHERE 1=1 ORDER BY `main`.`CaseStudy`.`order` ASC LIMIT ? OFFSET ?
 GET /api/casestudies 200 in 56ms
prisma:query SELECT `main`.`CaseStudy`.`id`, `main`.`CaseStudy`.`titleEn`, `main`.`CaseStudy`.`titleBn`, `main`.`CaseStudy`.`clientEn`, `main`.`CaseStudy`.`clientBn`, `main`.`CaseStudy`.`categoryId`, `main`.`CaseStudy`.`summaryEn`, `main`.`CaseStudy`.`summaryBn`, `main`.`CaseStudy`.`metricsEn`, `main`.`CaseStudy`.`metricsBn`, `main`.`CaseStudy`.`challengeEn`, `main`.`CaseStudy`.`challengeBn`, `main`.`CaseStudy`.`solutionEn`, `main`.`CaseStudy`.`solutionBn`, `main`.`CaseStudy`.`img`, `main`.`CaseStudy`.`order`, `main`.`CaseStudy`.`isActive` FROM `main`.`CaseStudy` WHERE 1=1 ORDER BY `main`.`CaseStudy`.`order` ASC LIMIT ? OFFSET ?
 GET /api/casestudies 200 in 20ms
 GET / 200 in 2513ms
 ✓ Compiled in 9.7s (4585 modules)
 GET / 200 in 470ms
 GET / 200 in 475ms
 GET / 200 in 78ms
 ○ Compiling /api/config ...
 ✓ Compiled /api/config in 675ms (2395 modules)
prisma:query SELECT 1
prisma:query SELECT 1
prisma:query SELECT `main`.`ServiceCategory`.`id`, `main`.`ServiceCategory`.`labelEn`, `main`.`ServiceCategory`.`labelBn`, `main`.`ServiceCategory`.`order`, `main`.`ServiceCategory`.`isActive` FROM `main`.`ServiceCategory` WHERE 1=1 ORDER BY `main`.`ServiceCategory`.`order` ASC LIMIT ? OFFSET ?
prisma:query SELECT `main`.`ServiceItem`.`id`, `main`.`ServiceItem`.`categoryId`, `main`.`ServiceItem`.`titleEn`, `main`.`ServiceItem`.`titleBn`, `main`.`ServiceItem`.`descEn`, `main`.`ServiceItem`.`descBn`, `main`.`ServiceItem`.`icon`, `main`.`ServiceItem`.`theme`, `main`.`ServiceItem`.`order` FROM `main`.`ServiceItem` WHERE `main`.`ServiceItem`.`categoryId` IN (?,?,?,?) ORDER BY `main`.`ServiceItem`.`order` ASC LIMIT ? OFFSET ?
 GET /api/config 200 in 959ms
prisma:query SELECT `main`.`ServiceCategory`.`id`, `main`.`ServiceCategory`.`labelEn`, `main`.`ServiceCategory`.`labelBn`, `main`.`ServiceCategory`.`order`, `main`.`ServiceCategory`.`isActive` FROM `main`.`ServiceCategory` WHERE 1=1 ORDER BY `main`.`ServiceCategory`.`order` ASC LIMIT ? OFFSET ?
prisma:query SELECT `main`.`ServiceItem`.`id`, `main`.`ServiceItem`.`categoryId`, `main`.`ServiceItem`.`titleEn`, `main`.`ServiceItem`.`titleBn`, `main`.`ServiceItem`.`descEn`, `main`.`ServiceItem`.`descBn`, `main`.`ServiceItem`.`icon`, `main`.`ServiceItem`.`theme`, `main`.`ServiceItem`.`order` FROM `main`.`ServiceItem` WHERE `main`.`ServiceItem`.`categoryId` IN (?,?,?,?) ORDER BY `main`.`ServiceItem`.`order` ASC LIMIT ? OFFSET ?
 GET /api/config 200 in 318ms
prisma:query SELECT `main`.`ServiceCategory`.`id`, `main`.`ServiceCategory`.`labelEn`, `main`.`ServiceCategory`.`labelBn`, `main`.`ServiceCategory`.`order`, `main`.`ServiceCategory`.`isActive` FROM `main`.`ServiceCategory` WHERE 1=1 ORDER BY `main`.`ServiceCategory`.`order` ASC LIMIT ? OFFSET ?
prisma:query SELECT `main`.`ServiceCategory`.`id`, `main`.`ServiceCategory`.`labelEn`, `main`.`ServiceCategory`.`labelBn`, `main`.`ServiceCategory`.`order`, `main`.`ServiceCategory`.`isActive` FROM `main`.`ServiceCategory` WHERE 1=1 ORDER BY `main`.`ServiceCategory`.`order` ASC LIMIT ? OFFSET ?
prisma:query SELECT `main`.`ServiceItem`.`id`, `main`.`ServiceItem`.`categoryId`, `main`.`ServiceItem`.`titleEn`, `main`.`ServiceItem`.`titleBn`, `main`.`ServiceItem`.`descEn`, `main`.`ServiceItem`.`descBn`, `main`.`ServiceItem`.`icon`, `main`.`ServiceItem`.`theme`, `main`.`ServiceItem`.`order` FROM `main`.`ServiceItem` WHERE `main`.`ServiceItem`.`categoryId` IN (?,?,?,?) ORDER BY `main`.`ServiceItem`.`order` ASC LIMIT ? OFFSET ?
prisma:query SELECT `main`.`ServiceItem`.`id`, `main`.`ServiceItem`.`categoryId`, `main`.`ServiceItem`.`titleEn`, `main`.`ServiceItem`.`titleBn`, `main`.`ServiceItem`.`descEn`, `main`.`ServiceItem`.`descBn`, `main`.`ServiceItem`.`icon`, `main`.`ServiceItem`.`theme`, `main`.`ServiceItem`.`order` FROM `main`.`ServiceItem` WHERE `main`.`ServiceItem`.`categoryId` IN (?,?,?,?) ORDER BY `main`.`ServiceItem`.`order` ASC LIMIT ? OFFSET ?
 GET /api/config 200 in 57ms
 GET /api/config 200 in 46ms
prisma:query SELECT `main`.`ServiceCategory`.`id`, `main`.`ServiceCategory`.`labelEn`, `main`.`ServiceCategory`.`labelBn`, `main`.`ServiceCategory`.`order`, `main`.`ServiceCategory`.`isActive` FROM `main`.`ServiceCategory` WHERE 1=1 ORDER BY `main`.`ServiceCategory`.`order` ASC LIMIT ? OFFSET ?
prisma:query SELECT `main`.`ServiceItem`.`id`, `main`.`ServiceItem`.`categoryId`, `main`.`ServiceItem`.`titleEn`, `main`.`ServiceItem`.`titleBn`, `main`.`ServiceItem`.`descEn`, `main`.`ServiceItem`.`descBn`, `main`.`ServiceItem`.`icon`, `main`.`ServiceItem`.`theme`, `main`.`ServiceItem`.`order` FROM `main`.`ServiceItem` WHERE `main`.`ServiceItem`.`categoryId` IN (?,?,?,?) ORDER BY `main`.`ServiceItem`.`order` ASC LIMIT ? OFFSET ?
 GET /api/config 200 in 71ms
prisma:query SELECT `main`.`ServiceCategory`.`id`, `main`.`ServiceCategory`.`labelEn`, `main`.`ServiceCategory`.`labelBn`, `main`.`ServiceCategory`.`order`, `main`.`ServiceCategory`.`isActive` FROM `main`.`ServiceCategory` WHERE 1=1 ORDER BY `main`.`ServiceCategory`.`order` ASC LIMIT ? OFFSET ?
prisma:query SELECT `main`.`ServiceItem`.`id`, `main`.`ServiceItem`.`categoryId`, `main`.`ServiceItem`.`titleEn`, `main`.`ServiceItem`.`titleBn`, `main`.`ServiceItem`.`descEn`, `main`.`ServiceItem`.`descBn`, `main`.`ServiceItem`.`icon`, `main`.`ServiceItem`.`theme`, `main`.`ServiceItem`.`order` FROM `main`.`ServiceItem` WHERE `main`.`ServiceItem`.`categoryId` IN (?,?,?,?) ORDER BY `main`.`ServiceItem`.`order` ASC LIMIT ? OFFSET ?
 GET /api/config 200 in 48ms
 ✓ Compiled /api/casestudies in 494ms (2397 modules)
prisma:query SELECT `main`.`CaseStudy`.`id`, `main`.`CaseStudy`.`titleEn`, `main`.`CaseStudy`.`titleBn`, `main`.`CaseStudy`.`clientEn`, `main`.`CaseStudy`.`clientBn`, `main`.`CaseStudy`.`categoryId`, `main`.`CaseStudy`.`summaryEn`, `main`.`CaseStudy`.`summaryBn`, `main`.`CaseStudy`.`metricsEn`, `main`.`CaseStudy`.`metricsBn`, `main`.`CaseStudy`.`challengeEn`, `main`.`CaseStudy`.`challengeBn`, `main`.`CaseStudy`.`solutionEn`, `main`.`CaseStudy`.`solutionBn`, `main`.`CaseStudy`.`img`, `main`.`CaseStudy`.`order`, `main`.`CaseStudy`.`isActive` FROM `main`.`CaseStudy` WHERE 1=1 ORDER BY `main`.`CaseStudy`.`order` ASC LIMIT ? OFFSET ?
 GET /api/casestudies 200 in 635ms
prisma:query SELECT `main`.`CaseStudy`.`id`, `main`.`CaseStudy`.`titleEn`, `main`.`CaseStudy`.`titleBn`, `main`.`CaseStudy`.`clientEn`, `main`.`CaseStudy`.`clientBn`, `main`.`CaseStudy`.`categoryId`, `main`.`CaseStudy`.`summaryEn`, `main`.`CaseStudy`.`summaryBn`, `main`.`CaseStudy`.`metricsEn`, `main`.`CaseStudy`.`metricsBn`, `main`.`CaseStudy`.`challengeEn`, `main`.`CaseStudy`.`challengeBn`, `main`.`CaseStudy`.`solutionEn`, `main`.`CaseStudy`.`solutionBn`, `main`.`CaseStudy`.`img`, `main`.`CaseStudy`.`order`, `main`.`CaseStudy`.`isActive` FROM `main`.`CaseStudy` WHERE 1=1 ORDER BY `main`.`CaseStudy`.`order` ASC LIMIT ? OFFSET ?
 GET /api/casestudies 200 in 540ms
prisma:query SELECT `main`.`CaseStudy`.`id`, `main`.`CaseStudy`.`titleEn`, `main`.`CaseStudy`.`titleBn`, `main`.`CaseStudy`.`clientEn`, `main`.`CaseStudy`.`clientBn`, `main`.`CaseStudy`.`categoryId`, `main`.`CaseStudy`.`summaryEn`, `main`.`CaseStudy`.`summaryBn`, `main`.`CaseStudy`.`metricsEn`, `main`.`CaseStudy`.`metricsBn`, `main`.`CaseStudy`.`challengeEn`, `main`.`CaseStudy`.`challengeBn`, `main`.`CaseStudy`.`solutionEn`, `main`.`CaseStudy`.`solutionBn`, `main`.`CaseStudy`.`img`, `main`.`CaseStudy`.`order`, `main`.`CaseStudy`.`isActive` FROM `main`.`CaseStudy` WHERE 1=1 ORDER BY `main`.`CaseStudy`.`order` ASC LIMIT ? OFFSET ?
 GET /api/casestudies 200 in 38ms
 ✓ Compiled in 3.4s (4608 modules)
 GET / 200 in 700ms
 GET / 200 in 265ms
 GET / 200 in 263ms
 ✓ Compiled in 3.7s (4608 modules)
 GET / 200 in 462ms
 GET / 200 in 447ms
 GET / 200 in 155ms
 GET / 200 in 3715ms
 ⨯ Error: Could not find the module "c:\Users\TARIF\inception-23\node_modules\next\dist\next-devtools\userspace\app\segment-explorer-node.js#SegmentViewNode" in the React Client Manifest. This is probably a bug in the React Server Components bundler.
    at stringify (<anonymous>) {
  digest: '2364808459'
}
 ⨯ Error: Could not find the module "c:\Users\TARIF\inception-23\node_modules\next\dist\client\components\layout-router.js#" in the React Client Manifest. This is probably a bug in the React Server Components bundler.
    at stringify (<anonymous>)
    at stringify (<anonymous>) {
  digest: '1882888756'
}
 ⨯ Error: Could not find the module "c:\Users\TARIF\inception-23\node_modules\next\dist\client\components\render-from-template-context.js#" in the React Client Manifest. This is probably a bug in the React Server Components bundler.
    at stringify (<anonymous>)
    at stringify (<anonymous>)
    at stringify (<anonymous>)
    at stringify (<anonymous>) {
  digest: '1129939860'
}
 ⨯ Error: Could not find the module "c:\Users\TARIF\inception-23\src\components\ui\HyperEffects.tsx#FluidCursor" in the React Client Manifest. This is probably a bug in the React Server Components bundler.
    at stringify (<anonymous>)
    at stringify (<anonymous>) {
  digest: '3449860207'
}
 ⨯ Error: Could not find the module "c:\Users\TARIF\inception-23\node_modules\next\dist\client\components\layout-router.js#" in the React Client Manifest. This is probably a bug in the React Server Components bundler.
    at stringify (<anonymous>)
    at stringify (<anonymous>) {
  digest: '1738161007'
}
 ⨯ Error: Could not find the module "c:\Users\TARIF\inception-23\node_modules\next\dist\client\components\render-from-template-context.js#" in the React Client Manifest. This is probably a bug in the React Server Components bundler.
    at stringify (<anonymous>)
    at stringify (<anonymous>) {
  digest: '690458639'
}
 ⨯ Error: Could not find the module "c:\Users\TARIF\inception-23\node_modules\next\dist\next-devtools\userspace\app\segment-explorer-node.js#SegmentViewNode" in the React Client Manifest. This is probably a bug in the React Server Components bundler.
    at stringify (<anonymous>)
    at stringify (<anonymous>) {
  digest: '500854191'
}
 ⨯ Error: Could not find the module "c:\Users\TARIF\inception-23\node_modules\next\dist\next-devtools\userspace\app\segment-explorer-node.js#SegmentViewNode" in the React Client Manifest. This is probably a bug in the React Server Components bundler.
    at stringify (<anonymous>)
    at stringify (<anonymous>) {
  digest: '500854191'
}
 ⨯ Error: Could not find the module "c:\Users\TARIF\inception-23\node_modules\next\dist\next-devtools\userspace\app\segment-explorer-node.js#SegmentViewNode" in the React Client Manifest. This is probably a bug in the React Server Components bundler.
    at stringify (<anonymous>)
    at stringify (<anonymous>) {
  digest: '500854191'
}
 ⨯ Error: Could not find the module "c:\Users\TARIF\inception-23\node_modules\next\dist\next-devtools\userspace\app\segment-explorer-node.js#SegmentViewNode" in the React Client Manifest. This is probably a bug in the React Server Components bundler.
    at stringify (<anonymous>) {
  digest: '2364808459'
}
 ⨯ Error: Could not find the module "c:\Users\TARIF\inception-23\src\components\layout\Header.tsx#Header" in the React Client Manifest. This is probably a bug in the React Server Components bundler.
    at stringify (<anonymous>)
    at stringify (<anonymous>) {
  digest: '1198843907'
}
 ⨯ Error: Could not find the module "c:\Users\TARIF\inception-23\src\components\home\HeroWrapper.tsx#HeroWrapper" in the React Client Manifest. This is probably a bug in the React Server Components bundler.
    at stringify (<anonymous>)
    at stringify (<anonymous>) {
  digest: '3765945891'
}
 ⨯ Error: Could not find the module "c:\Users\TARIF\inception-23\node_modules\next\dist\shared\lib\lazy-dynamic\preload-chunks.js#PreloadChunks" in the React Client Manifest. This is probably a bug in the React Server Components bundler.
    at stringify (<anonymous>)
    at stringify (<anonymous>)
    at stringify (<anonymous>) {
  digest: '2023816135'
}
 ⨯ Error: Could not find the module "c:\Users\TARIF\inception-23\src\components\home\Sections.tsx#Methodology" in the React Client Manifest. This is probably a bug in the React Server Components bundler.
    at stringify (<anonymous>)
    at stringify (<anonymous>)
    at stringify (<anonymous>) {
  digest: '1148925191'
}
 ⨯ Error: Could not find the module "c:\Users\TARIF\inception-23\node_modules\next\dist\shared\lib\lazy-dynamic\preload-chunks.js#PreloadChunks" in the React Client Manifest. This is probably a bug in the React Server Components bundler.
    at stringify (<anonymous>)
    at stringify (<anonymous>)
    at stringify (<anonymous>) {
  digest: '2023816135'
}
 ⨯ Error: Could not find the module "c:\Users\TARIF\inception-23\src\components\home\Capabilities.tsx#Capabilities" in the React Client Manifest. This is probably a bug in the React Server Components bundler.
    at stringify (<anonymous>)
    at stringify (<anonymous>)
    at stringify (<anonymous>) {
  digest: '1688404615'
}
 ⨯ Error: Could not find the module "c:\Users\TARIF\inception-23\node_modules\next\dist\shared\lib\lazy-dynamic\preload-chunks.js#PreloadChunks" in the React Client Manifest. This is probably a bug in the React Server Components bundler.
    at stringify (<anonymous>)
    at stringify (<anonymous>)
    at stringify (<anonymous>) {
  digest: '2023816135'
}
 ⨯ Error: Could not find the module "c:\Users\TARIF\inception-23\src\components\home\CoreValues.tsx#CoreValues" in the React Client Manifest. This is probably a bug in the React Server Components bundler.
    at stringify (<anonymous>)
    at stringify (<anonymous>)
    at stringify (<anonymous>) {
  digest: '3160086407'
}
 ⨯ Error: Could not find the module "c:\Users\TARIF\inception-23\node_modules\next\dist\shared\lib\lazy-dynamic\preload-chunks.js#PreloadChunks" in the React Client Manifest. This is probably a bug in the React Server Components bundler.
    at stringify (<anonymous>)
    at stringify (<anonymous>)
    at stringify (<anonymous>) {
  digest: '2023816135'
}
 ⨯ Error: Could not find the module "c:\Users\TARIF\inception-23\src\components\home\IndustriesMarquee.tsx#IndustriesMarquee" in the React Client Manifest. This is probably a bug in the React Server Components bundler.
    at stringify (<anonymous>)
    at stringify (<anonymous>)
    at stringify (<anonymous>) {
  digest: '3090870919'
}
 ⨯ Error: Could not find the module "c:\Users\TARIF\inception-23\node_modules\next\dist\shared\lib\lazy-dynamic\preload-chunks.js#PreloadChunks" in the React Client Manifest. This is probably a bug in the React Server Components bundler.
    at stringify (<anonymous>)
    at stringify (<anonymous>)
    at stringify (<anonymous>) {
  digest: '2023816135'
}
 ⨯ Error: Could not find the module "c:\Users\TARIF\inception-23\src\components\home\Insights.tsx#Insights" in the React Client Manifest. This is probably a bug in the React Server Components bundler.
    at stringify (<anonymous>)
    at stringify (<anonymous>)
    at stringify (<anonymous>) {
  digest: '712565127'
}
 ⨯ Error: Could not find the module "c:\Users\TARIF\inception-23\node_modules\next\dist\shared\lib\lazy-dynamic\preload-chunks.js#PreloadChunks" in the React Client Manifest. This is probably a bug in the React Server Components bundler.
    at stringify (<anonymous>)
    at stringify (<anonymous>)
    at stringify (<anonymous>) {
  digest: '2023816135'
}
 ⨯ Error: Could not find the module "c:\Users\TARIF\inception-23\src\components\home\ProofModern.tsx#ProofModern" in the React Client Manifest. This is probably a bug in the React Server Components bundler.
    at stringify (<anonymous>)
    at stringify (<anonymous>)
    at stringify (<anonymous>) {
  digest: '1847668487'
}
 ⨯ Error: Could not find the module "c:\Users\TARIF\inception-23\node_modules\next\dist\shared\lib\lazy-dynamic\preload-chunks.js#PreloadChunks" in the React Client Manifest. This is probably a bug in the React Server Components bundler.
    at stringify (<anonymous>)
    at stringify (<anonymous>)
    at stringify (<anonymous>) {
  digest: '2023816135'
}
 ⨯ Error: Could not find the module "c:\Users\TARIF\inception-23\src\components\home\Testimonials.tsx#Testimonials" in the React Client Manifest. This is probably a bug in the React Server Components bundler.
    at stringify (<anonymous>)
    at stringify (<anonymous>)
    at stringify (<anonymous>) {
  digest: '547470343'
}
 ⨯ Error: Could not find the module "c:\Users\TARIF\inception-23\node_modules\next\dist\shared\lib\lazy-dynamic\preload-chunks.js#PreloadChunks" in the React Client Manifest. This is probably a bug in the React Server Components bundler.
    at stringify (<anonymous>)
    at stringify (<anonymous>)
    at stringify (<anonymous>) {
  digest: '2023816135'
}
 ⨯ Error: Could not find the module "c:\Users\TARIF\inception-23\src\components\home\Team.tsx#Team" in the React Client Manifest. This is probably a bug in the React Server Components bundler.
    at stringify (<anonymous>)
    at stringify (<anonymous>)
    at stringify (<anonymous>) {
  digest: '3899272839'
}
 ⨯ Error: Could not find the module "c:\Users\TARIF\inception-23\node_modules\next\dist\shared\lib\lazy-dynamic\preload-chunks.js#PreloadChunks" in the React Client Manifest. This is probably a bug in the React Server Components bundler.
    at stringify (<anonymous>)
    at stringify (<anonymous>)
    at stringify (<anonymous>) {
  digest: '2023816135'
}
 ⨯ Error: Could not find the module "c:\Users\TARIF\inception-23\src\components\home\Careers.tsx#Careers" in the React Client Manifest. This is probably a bug in the React Server Components bundler.
    at stringify (<anonymous>)
    at stringify (<anonymous>)
    at stringify (<anonymous>) {
  digest: '910923399'
}
 ⨯ Error: Could not find the module "c:\Users\TARIF\inception-23\node_modules\next\dist\shared\lib\lazy-dynamic\preload-chunks.js#PreloadChunks" in the React Client Manifest. This is probably a bug in the React Server Components bundler.
    at stringify (<anonymous>)
    at stringify (<anonymous>)
    at stringify (<anonymous>) {
  digest: '2023816135'
}
 ⨯ Error: Could not find the module "c:\Users\TARIF\inception-23\src\components\home\CaseStudies.tsx#CaseStudies" in the React Client Manifest. This is probably a bug in the React Server Components bundler.
    at stringify (<anonymous>)
    at stringify (<anonymous>)
    at stringify (<anonymous>) {
  digest: '3799507079'
}
 ⨯ Error: Could not find the module "c:\Users\TARIF\inception-23\node_modules\next\dist\shared\lib\lazy-dynamic\preload-chunks.js#PreloadChunks" in the React Client Manifest. This is probably a bug in the React Server Components bundler.
    at stringify (<anonymous>)
    at stringify (<anonymous>)
    at stringify (<anonymous>) {
  digest: '2023816135'
}
 ⨯ Error: Could not find the module "c:\Users\TARIF\inception-23\src\components\home\Sections.tsx#InquiryForm" in the React Client Manifest. This is probably a bug in the React Server Components bundler.
    at stringify (<anonymous>)
    at stringify (<anonymous>)
    at stringify (<anonymous>) {
  digest: '1879980295'
}
 ⨯ Error: Could not find the module "c:\Users\TARIF\inception-23\src\components\layout\Footer.tsx#Footer" in the React Client Manifest. This is probably a bug in the React Server Components bundler.
    at stringify (<anonymous>)
    at stringify (<anonymous>) {
  digest: '2229365635'
}
 ⨯ Error: Could not find the module "c:\Users\TARIF\inception-23\node_modules\next\dist\lib\framework\boundary-components.js#OutletBoundary" in the React Client Manifest. This is probably a bug in the React Server Components bundler.
    at stringify (<anonymous>) {
  digest: '2221575051'
}
 ⨯ Error: Could not find the module "c:\Users\TARIF\inception-23\node_modules\next\dist\client\components\metadata\async-metadata.js#AsyncMetadataOutlet" in the React Client Manifest. This is probably a bug in the React Server Components bundler.
    at stringify (<anonymous>)
    at stringify (<anonymous>) {
  digest: '1655562543'
}
 ⨯ Error: Could not find the module "c:\Users\TARIF\inception-23\node_modules\next\dist\lib\framework\boundary-components.js#ViewportBoundary" in the React Client Manifest. This is probably a bug in the React Server Components bundler.
    at stringify (<anonymous>)
    at stringify (<anonymous>) {
  digest: '3817488815'
}
 ⨯ Error: Could not find the module "c:\Users\TARIF\inception-23\node_modules\next\dist\lib\framework\boundary-components.js#MetadataBoundary" in the React Client Manifest. This is probably a bug in the React Server Components bundler.
    at stringify (<anonymous>)
    at stringify (<anonymous>) {
  digest: '2243739375'
}
 ⨯ Error: Could not find the module "c:\Users\TARIF\inception-23\node_modules\next\dist\client\components\builtin\global-error.js#" in the React Client Manifest. This is probably a bug in the React Server Components bundler.
    at stringify (<anonymous>) {
  digest: '1939394251'
}
 ⨯ Error: Could not find the module "c:\Users\TARIF\inception-23\node_modules\next\dist\next-devtools\userspace\app\segment-explorer-node.js#SegmentViewNode" in the React Client Manifest. This is probably a bug in the React Server Components bundler.
    at stringify (<anonymous>) {
  digest: '2364808459'
}
 ⨯ Error: Could not find the module "c:\Users\TARIF\inception-23\node_modules\next\dist\lib\metadata\generate\icon-mark.js#IconMark" in the React Client Manifest. This is probably a bug in the React Server Components bundler.
    at stringify (<anonymous>) {
  digest: '3041682962'
}
 ⨯ Error: Could not find the module "c:\Users\TARIF\inception-23\node_modules\next\dist\lib\framework\boundary-components.js#ViewportBoundary" in the React Client Manifest. This is probably a bug in the React Server Components bundler.
    at stringify (<anonymous>)
    at stringify (<anonymous>) {
  digest: '3817488815'
}
 ⨯ Error: Could not find the module "c:\Users\TARIF\inception-23\node_modules\next\dist\lib\framework\boundary-components.js#MetadataBoundary" in the React Client Manifest. This is probably a bug in the React Server Components bundler.
    at stringify (<anonymous>)
    at stringify (<anonymous>) {
  digest: '2243739375'
}
 ⨯ Error: Could not find the module "c:\Users\TARIF\inception-23\node_modules\next\dist\client\components\builtin\global-error.js#" in the React Client Manifest. This is probably a bug in the React Server Components bundler.
    at stringify (<anonymous>) {
  digest: '1939394251'
}
 ⨯ Error: Could not find the module "c:\Users\TARIF\inception-23\node_modules\next\dist\next-devtools\userspace\app\segment-explorer-node.js#SegmentViewNode" in the React Client Manifest. This is probably a bug in the React Server Components bundler.
    at stringify (<anonymous>) {
  digest: '2364808459'
}
[0m[7m Server [0m Error: Could not find the module "c:\Users\TARIF\inception-23\node_modules\next\dist\client\components\builtin\global-error.js#" in the React Client Manifest. This is probably a bug in the React Server Components bundler.
    at stringify (<anonymous>:1:18) {
  environmentName: 'Server',
  digest: '1939394251'
}
 ⨯ Error: Could not find the module "c:\Users\TARIF\inception-23\node_modules\next\dist\client\components\builtin\global-error.js#" in the React Client Manifest. This is probably a bug in the React Server Components bundler.
    at stringify (<anonymous>:1:18) {
  environmentName: 'Server',
  digest: '1939394251'
}
 ⨯ Error: Could not find the module "c:\Users\TARIF\inception-23\node_modules\next\dist\lib\metadata\generate\icon-mark.js#IconMark" in the React Client Manifest. This is probably a bug in the React Server Components bundler.
    at stringify (<anonymous>) {
  digest: '3041682962'
}
 ⨯ Error: Could not find the module "c:\Users\TARIF\inception-23\node_modules\next\dist\client\components\builtin\global-error.js#" in the React Client Manifest. This is probably a bug in the React Server Components bundler.
    at stringify (<anonymous>:1:18) {
  environmentName: 'Server',
  digest: '1939394251',
  page: '/'
}
 GET / 500 in 19993ms
 ○ Compiling /_error ...
 ✓ Compiled /_error in 6.4s (4911 modules)
 GET / 200 in 3378ms
 GET / 200 in 3309ms
 GET / 200 in 3407ms
 GET / 200 in 224ms
 GET / 200 in 229ms
 GET / 200 in 227ms
 ✓ Compiled in 9.7s (4832 modules)
 GET / 200 in 387ms
 GET / 200 in 76ms
 ○ Compiling /api/config ...
 ✓ Compiled /api/config in 3.4s (4853 modules)
prisma:query SELECT 1
prisma:query SELECT 1
prisma:query SELECT `main`.`ServiceCategory`.`id`, `main`.`ServiceCategory`.`labelEn`, `main`.`ServiceCategory`.`labelBn`, `main`.`ServiceCategory`.`order`, `main`.`ServiceCategory`.`isActive` FROM `main`.`ServiceCategory` WHERE 1=1 ORDER BY `main`.`ServiceCategory`.`order` ASC LIMIT ? OFFSET ?
prisma:query SELECT `main`.`ServiceCategory`.`id`, `main`.`ServiceCategory`.`labelEn`, `main`.`ServiceCategory`.`labelBn`, `main`.`ServiceCategory`.`order`, `main`.`ServiceCategory`.`isActive` FROM `main`.`ServiceCategory` WHERE 1=1 ORDER BY `main`.`ServiceCategory`.`order` ASC LIMIT ? OFFSET ?
prisma:query SELECT `main`.`ServiceItem`.`id`, `main`.`ServiceItem`.`categoryId`, `main`.`ServiceItem`.`titleEn`, `main`.`ServiceItem`.`titleBn`, `main`.`ServiceItem`.`descEn`, `main`.`ServiceItem`.`descBn`, `main`.`ServiceItem`.`icon`, `main`.`ServiceItem`.`theme`, `main`.`ServiceItem`.`order` FROM `main`.`ServiceItem` WHERE `main`.`ServiceItem`.`categoryId` IN (?,?,?,?) ORDER BY `main`.`ServiceItem`.`order` ASC LIMIT ? OFFSET ?
prisma:query SELECT `main`.`ServiceItem`.`id`, `main`.`ServiceItem`.`categoryId`, `main`.`ServiceItem`.`titleEn`, `main`.`ServiceItem`.`titleBn`, `main`.`ServiceItem`.`descEn`, `main`.`ServiceItem`.`descBn`, `main`.`ServiceItem`.`icon`, `main`.`ServiceItem`.`theme`, `main`.`ServiceItem`.`order` FROM `main`.`ServiceItem` WHERE `main`.`ServiceItem`.`categoryId` IN (?,?,?,?) ORDER BY `main`.`ServiceItem`.`order` ASC LIMIT ? OFFSET ?
 GET /api/config 200 in 2864ms
 GET /api/config 200 in 3647ms
prisma:query SELECT `main`.`ServiceCategory`.`id`, `main`.`ServiceCategory`.`labelEn`, `main`.`ServiceCategory`.`labelBn`, `main`.`ServiceCategory`.`order`, `main`.`ServiceCategory`.`isActive` FROM `main`.`ServiceCategory` WHERE 1=1 ORDER BY `main`.`ServiceCategory`.`order` ASC LIMIT ? OFFSET ?
prisma:query SELECT `main`.`ServiceCategory`.`id`, `main`.`ServiceCategory`.`labelEn`, `main`.`ServiceCategory`.`labelBn`, `main`.`ServiceCategory`.`order`, `main`.`ServiceCategory`.`isActive` FROM `main`.`ServiceCategory` WHERE 1=1 ORDER BY `main`.`ServiceCategory`.`order` ASC LIMIT ? OFFSET ?
prisma:query SELECT `main`.`ServiceItem`.`id`, `main`.`ServiceItem`.`categoryId`, `main`.`ServiceItem`.`titleEn`, `main`.`ServiceItem`.`titleBn`, `main`.`ServiceItem`.`descEn`, `main`.`ServiceItem`.`descBn`, `main`.`ServiceItem`.`icon`, `main`.`ServiceItem`.`theme`, `main`.`ServiceItem`.`order` FROM `main`.`ServiceItem` WHERE `main`.`ServiceItem`.`categoryId` IN (?,?,?,?) ORDER BY `main`.`ServiceItem`.`order` ASC LIMIT ? OFFSET ?
prisma:query SELECT `main`.`ServiceItem`.`id`, `main`.`ServiceItem`.`categoryId`, `main`.`ServiceItem`.`titleEn`, `main`.`ServiceItem`.`titleBn`, `main`.`ServiceItem`.`descEn`, `main`.`ServiceItem`.`descBn`, `main`.`ServiceItem`.`icon`, `main`.`ServiceItem`.`theme`, `main`.`ServiceItem`.`order` FROM `main`.`ServiceItem` WHERE `main`.`ServiceItem`.`categoryId` IN (?,?,?,?) ORDER BY `main`.`ServiceItem`.`order` ASC LIMIT ? OFFSET ?
 GET /api/config 200 in 270ms
 GET /api/config 200 in 274ms
 GET / 200 in 302ms
 GET / 200 in 304ms
 ✓ Compiled /api/casestudies in 367ms (2493 modules)
prisma:query SELECT `main`.`CaseStudy`.`id`, `main`.`CaseStudy`.`titleEn`, `main`.`CaseStudy`.`titleBn`, `main`.`CaseStudy`.`clientEn`, `main`.`CaseStudy`.`clientBn`, `main`.`CaseStudy`.`categoryId`, `main`.`CaseStudy`.`summaryEn`, `main`.`CaseStudy`.`summaryBn`, `main`.`CaseStudy`.`metricsEn`, `main`.`CaseStudy`.`metricsBn`, `main`.`CaseStudy`.`challengeEn`, `main`.`CaseStudy`.`challengeBn`, `main`.`CaseStudy`.`solutionEn`, `main`.`CaseStudy`.`solutionBn`, `main`.`CaseStudy`.`img`, `main`.`CaseStudy`.`order`, `main`.`CaseStudy`.`isActive` FROM `main`.`CaseStudy` WHERE 1=1 ORDER BY `main`.`CaseStudy`.`order` ASC LIMIT ? OFFSET ?
 GET /api/casestudies 200 in 471ms
prisma:query SELECT `main`.`CaseStudy`.`id`, `main`.`CaseStudy`.`titleEn`, `main`.`CaseStudy`.`titleBn`, `main`.`CaseStudy`.`clientEn`, `main`.`CaseStudy`.`clientBn`, `main`.`CaseStudy`.`categoryId`, `main`.`CaseStudy`.`summaryEn`, `main`.`CaseStudy`.`summaryBn`, `main`.`CaseStudy`.`metricsEn`, `main`.`CaseStudy`.`metricsBn`, `main`.`CaseStudy`.`challengeEn`, `main`.`CaseStudy`.`challengeBn`, `main`.`CaseStudy`.`solutionEn`, `main`.`CaseStudy`.`solutionBn`, `main`.`CaseStudy`.`img`, `main`.`CaseStudy`.`order`, `main`.`CaseStudy`.`isActive` FROM `main`.`CaseStudy` WHERE 1=1 ORDER BY `main`.`CaseStudy`.`order` ASC LIMIT ? OFFSET ?
 GET /api/casestudies 200 in 31ms
prisma:query SELECT `main`.`ServiceCategory`.`id`, `main`.`ServiceCategory`.`labelEn`, `main`.`ServiceCategory`.`labelBn`, `main`.`ServiceCategory`.`order`, `main`.`ServiceCategory`.`isActive` FROM `main`.`ServiceCategory` WHERE 1=1 ORDER BY `main`.`ServiceCategory`.`order` ASC LIMIT ? OFFSET ?
prisma:query SELECT `main`.`ServiceItem`.`id`, `main`.`ServiceItem`.`categoryId`, `main`.`ServiceItem`.`titleEn`, `main`.`ServiceItem`.`titleBn`, `main`.`ServiceItem`.`descEn`, `main`.`ServiceItem`.`descBn`, `main`.`ServiceItem`.`icon`, `main`.`ServiceItem`.`theme`, `main`.`ServiceItem`.`order` FROM `main`.`ServiceItem` WHERE `main`.`ServiceItem`.`categoryId` IN (?,?,?,?) ORDER BY `main`.`ServiceItem`.`order` ASC LIMIT ? OFFSET ?
 GET /api/config 200 in 31ms
prisma:query SELECT `main`.`ServiceCategory`.`id`, `main`.`ServiceCategory`.`labelEn`, `main`.`ServiceCategory`.`labelBn`, `main`.`ServiceCategory`.`order`, `main`.`ServiceCategory`.`isActive` FROM `main`.`ServiceCategory` WHERE 1=1 ORDER BY `main`.`ServiceCategory`.`order` ASC LIMIT ? OFFSET ?
prisma:query SELECT `main`.`ServiceItem`.`id`, `main`.`ServiceItem`.`categoryId`, `main`.`ServiceItem`.`titleEn`, `main`.`ServiceItem`.`titleBn`, `main`.`ServiceItem`.`descEn`, `main`.`ServiceItem`.`descBn`, `main`.`ServiceItem`.`icon`, `main`.`ServiceItem`.`theme`, `main`.`ServiceItem`.`order` FROM `main`.`ServiceItem` WHERE `main`.`ServiceItem`.`categoryId` IN (?,?,?,?) ORDER BY `main`.`ServiceItem`.`order` ASC LIMIT ? OFFSET ?
 GET /api/config 200 in 16ms
prisma:query SELECT `main`.`ServiceCategory`.`id`, `main`.`ServiceCategory`.`labelEn`, `main`.`ServiceCategory`.`labelBn`, `main`.`ServiceCategory`.`order`, `main`.`ServiceCategory`.`isActive` FROM `main`.`ServiceCategory` WHERE 1=1 ORDER BY `main`.`ServiceCategory`.`order` ASC LIMIT ? OFFSET ?
prisma:query SELECT `main`.`ServiceItem`.`id`, `main`.`ServiceItem`.`categoryId`, `main`.`ServiceItem`.`titleEn`, `main`.`ServiceItem`.`titleBn`, `main`.`ServiceItem`.`descEn`, `main`.`ServiceItem`.`descBn`, `main`.`ServiceItem`.`icon`, `main`.`ServiceItem`.`theme`, `main`.`ServiceItem`.`order` FROM `main`.`ServiceItem` WHERE `main`.`ServiceItem`.`categoryId` IN (?,?,?,?) ORDER BY `main`.`ServiceItem`.`order` ASC LIMIT ? OFFSET ?
 GET /api/config 200 in 15ms
prisma:query SELECT `main`.`ServiceCategory`.`id`, `main`.`ServiceCategory`.`labelEn`, `main`.`ServiceCategory`.`labelBn`, `main`.`ServiceCategory`.`order`, `main`.`ServiceCategory`.`isActive` FROM `main`.`ServiceCategory` WHERE 1=1 ORDER BY `main`.`ServiceCategory`.`order` ASC LIMIT ? OFFSET ?
prisma:query SELECT `main`.`ServiceItem`.`id`, `main`.`ServiceItem`.`categoryId`, `main`.`ServiceItem`.`titleEn`, `main`.`ServiceItem`.`titleBn`, `main`.`ServiceItem`.`descEn`, `main`.`ServiceItem`.`descBn`, `main`.`ServiceItem`.`icon`, `main`.`ServiceItem`.`theme`, `main`.`ServiceItem`.`order` FROM `main`.`ServiceItem` WHERE `main`.`ServiceItem`.`categoryId` IN (?,?,?,?) ORDER BY `main`.`ServiceItem`.`order` ASC LIMIT ? OFFSET ?
 GET /api/config 200 in 13ms
prisma:query SELECT `main`.`CaseStudy`.`id`, `main`.`CaseStudy`.`titleEn`, `main`.`CaseStudy`.`titleBn`, `main`.`CaseStudy`.`clientEn`, `main`.`CaseStudy`.`clientBn`, `main`.`CaseStudy`.`categoryId`, `main`.`CaseStudy`.`summaryEn`, `main`.`CaseStudy`.`summaryBn`, `main`.`CaseStudy`.`metricsEn`, `main`.`CaseStudy`.`metricsBn`, `main`.`CaseStudy`.`challengeEn`, `main`.`CaseStudy`.`challengeBn`, `main`.`CaseStudy`.`solutionEn`, `main`.`CaseStudy`.`solutionBn`, `main`.`CaseStudy`.`img`, `main`.`CaseStudy`.`order`, `main`.`CaseStudy`.`isActive` FROM `main`.`CaseStudy` WHERE 1=1 ORDER BY `main`.`CaseStudy`.`order` ASC LIMIT ? OFFSET ?
 GET /api/casestudies 200 in 15ms
prisma:query SELECT `main`.`CaseStudy`.`id`, `main`.`CaseStudy`.`titleEn`, `main`.`CaseStudy`.`titleBn`, `main`.`CaseStudy`.`clientEn`, `main`.`CaseStudy`.`clientBn`, `main`.`CaseStudy`.`categoryId`, `main`.`CaseStudy`.`summaryEn`, `main`.`CaseStudy`.`summaryBn`, `main`.`CaseStudy`.`metricsEn`, `main`.`CaseStudy`.`metricsBn`, `main`.`CaseStudy`.`challengeEn`, `main`.`CaseStudy`.`challengeBn`, `main`.`CaseStudy`.`solutionEn`, `main`.`CaseStudy`.`solutionBn`, `main`.`CaseStudy`.`img`, `main`.`CaseStudy`.`order`, `main`.`CaseStudy`.`isActive` FROM `main`.`CaseStudy` WHERE 1=1 ORDER BY `main`.`CaseStudy`.`order` ASC LIMIT ? OFFSET ?
 GET /api/casestudies 200 in 17ms
 ✓ Compiled in 1248ms (4855 modules)
 GET / 200 in 162ms
 GET / 200 in 57ms
 ✓ Compiled in 1190ms (4855 modules)
 GET / 200 in 126ms
 GET / 200 in 60ms
 ⨯ ./src/components/ui/HyperEffects.tsx
Error:   [31mx[0m 'const' declarations must be initialized
    ,-[[36;1;4mc:\Users\TARIF\inception-23\src\components\ui\HyperEffects.tsx[0m:93:1]
 [2m90[0m |       window.removeEventListener('mouseover', handleMouseOver);
 [2m91[0m |       clearTimeout(trailTimeout);
 [2m92[0m |     };
 [2m93[0m |   }, [cursorX, cursorY]);
    : [35;1m     ^^^^^^^^^^^^^^^^^^[0m
 [2m94[0m | 
 [2m95[0m |   if (!mounted) return null;
    `----
  [31mx[0m Expected a semicolon
    ,-[[36;1;4mc:\Users\TARIF\inception-23\src\components\ui\HyperEffects.tsx[0m:93:1]
 [2m90[0m |       window.removeEventListener('mouseover', handleMouseOver);
 [2m91[0m |       clearTimeout(trailTimeout);
 [2m92[0m |     };
 [2m93[0m |   }, [cursorX, cursorY]);
    : [35;1m                       ^[0m
 [2m94[0m | 
 [2m95[0m |   if (!mounted) return null;
    `----
  [31mx[0m Return statement is not allowed here
    ,-[[36;1;4mc:\Users\TARIF\inception-23\src\components\ui\HyperEffects.tsx[0m:95:1]
 [2m92[0m |     };
 [2m93[0m |   }, [cursorX, cursorY]);
 [2m94[0m | 
 [2m95[0m |   if (!mounted) return null;
    : [35;1m                ^^^^^^^^^^^^[0m
 [2m96[0m | 
 [2m97[0m |   return (
 [2m98[0m |     <>
    `----
  [31mx[0m Return statement is not allowed here
     ,-[[36;1;4mc:\Users\TARIF\inception-23\src\components\ui\HyperEffects.tsx[0m:97:1]
 [2m 94[0m |     
 [2m 95[0m |       if (!mounted) return null;
 [2m 96[0m |     
 [2m 97[0m | [35;1m,[0m[35;1m-[0m[35;1m>[0m   return (
 [2m 98[0m | [35;1m|[0m       <>
 [2m 99[0m | [35;1m|[0m         {/* 1. Main Cursor Dot */}
 [2m100[0m | [35;1m|[0m         <motion.div
 [2m101[0m | [35;1m|[0m           style={{
 [2m102[0m | [35;1m|[0m             x: cursorSpringX,
 [2m103[0m | [35;1m|[0m             y: cursorSpringY,
 [2m104[0m | [35;1m|[0m             translateX: '-50%',
 [2m105[0m | [35;1m|[0m             translateY: '-50%',
 [2m106[0m | [35;1m|[0m           }}
 [2m107[0m | [35;1m|[0m           animate={{
 [2m108[0m | [35;1m|[0m             scale: hovered ? 2.5 : 1,
 [2m109[0m | [35;1m|[0m             backgroundColor: hovered ? 'rgba(20, 184, 166, 0.15)' : 'rgba(20, 184, 166, 1)',
 [2m110[0m | [35;1m|[0m             borderColor: hovered ? 'rgba(20, 184, 166, 0.8)' : 'rgba(20, 184, 166, 0)',
 [2m111[0m | [35;1m|[0m             borderWidth: hovered ? '1.5px' : '0px',
 [2m112[0m | [35;1m|[0m           }}
 [2m113[0m | [35;1m|[0m           transition={{ type: 'spring', stiffness: 300, damping: 20 }}
 [2m114[0m | [35;1m|[0m           className="fixed top-0 left-0 w-4 h-4 rounded-full pointer-events-none z-[999] mix-blend-difference hidden md:block"
 [2m115[0m | [35;1m|[0m         />
 [2m116[0m | [35;1m|[0m   
 [2m117[0m | [35;1m|[0m         {/* 2. Fluid Outward Ring */}
 [2m118[0m | [35;1m|[0m         <motion.div
 [2m119[0m | [35;1m|[0m           style={{
 [2m120[0m | [35;1m|[0m             x: cursorSpringX,
 [2m121[0m | [35;1m|[0m             y: cursorSpringY,
 [2m122[0m | [35;1m|[0m             translateX: '-50%',
 [2m123[0m | [35;1m|[0m             translateY: '-50%',
 [2m124[0m | [35;1m|[0m           }}
 [2m125[0m | [35;1m|[0m           animate={{
 [2m126[0m | [35;1m|[0m             scale: hovered ? 1.8 : 1,
 [2m127[0m | [35;1m|[0m             opacity: hovered ? 1 : 0.4,
 [2m128[0m | [35;1m|[0m           }}
 [2m129[0m | [35;1m|[0m           className="fixed top-0 left-0 w-8 h-8 rounded-full border border-brand-500/30 pointer-events-none z-[998] hidden md:block"
 [2m130[0m | [35;1m|[0m         />
 [2m131[0m | [35;1m|[0m   
 [2m132[0m | [35;1m|[0m         {/* 3. Glowing Particle Trail */}
 [2m133[0m | [35;1m|[0m         <div className="fixed inset-0 pointer-events-none z-[997] overflow-hidden hidden md:block">
 [2m134[0m | [35;1m|[0m           {trail.map((p) => (
 [2m135[0m | [35;1m|[0m             <motion.div
 [2m136[0m | [35;1m|[0m               key={p.id}
 [2m137[0m | [35;1m|[0m               initial={{ opacity: 0.8, scale: 1 }}
 [2m138[0m | [35;1m|[0m               animate={{ opacity: 0, scale: 0.1, y: p.y + (Math.random() * 20 - 10) }}
 [2m139[0m | [35;1m|[0m               transition={{ duration: 0.6, ease: 'easeOut' }}
 [2m140[0m | [35;1m|[0m               style={{
 [2m141[0m | [35;1m|[0m                 left: p.x,
 [2m142[0m | [35;1m|[0m                 top: p.y,
 [2m143[0m | [35;1m|[0m                 transform: 'translate(-50%, -50%)',
 [2m144[0m | [35;1m|[0m               }}
 [2m145[0m | [35;1m|[0m               className="absolute w-2 h-2 rounded-full bg-gradient-to-r from-brand-400 to-rose-400 shadow-[0_0_6px_rgba(20,184,166,0.6)]"
 [2m146[0m | [35;1m|[0m             />
 [2m147[0m | [35;1m|[0m           ))}
 [2m148[0m | [35;1m|[0m         </div>
 [2m149[0m | [35;1m|[0m       </>
 [2m150[0m | [35;1m`[0m[35;1m-[0m[35;1m>[0m   );
 [2m151[0m |     };
 [2m152[0m |     
 [2m153[0m |     // ==========================================
     `----
  [31mx[0m Expression expected
     ,-[[36;1;4mc:\Users\TARIF\inception-23\src\components\ui\HyperEffects.tsx[0m:151:1]
 [2m148[0m |       </div>
 [2m149[0m |     </>
 [2m150[0m |   );
 [2m151[0m | };
     : [35;1m^[0m
 [2m152[0m | 
 [2m153[0m | // ==========================================
 [2m154[0m | // 3. MAGNETIC HOVER EFFECT
     `----

Caused by:
    Syntax Error

Import trace for requested module:
./src/components/ui/HyperEffects.tsx
./src/components/home/Capabilities.tsx
 ✓ Compiled in 2.4s (4832 modules)
 GET / 200 in 343ms
 GET / 200 in 60ms
 ⨯ ./src/components/home/Hero3D.tsx
Error:   [31mx[0m Expected '</', got '}'
     ,-[[36;1;4mc:\Users\TARIF\inception-23\src\components\home\Hero3D.tsx[0m:274:1]
 [2m271[0m |                                             const el = document.getElementById('insights');
 [2m272[0m |                                             if (el) el.scrollIntoView({ behavior: 'smooth' });
 [2m273[0m |                                           }}
 [2m274[0m |                                                               {/* Right Column: Optimized Lottie Stage (All players mounted to prevent unmount lag) */}
     : [35;1m                                                                                                                                                      ^[0m
 [2m275[0m |                     <div className="lg:col-span-5 flex items-center justify-center z-10 relative aspect-square w-full max-w-[520px] sm:max-w-[540px] lg:max-w-[560px] select-none">
 [2m276[0m |                         {homeContent.slides.map((slide, index) => {
 [2m277[0m |                             const isActive = index === activeSlide;
     `----

Caused by:
    Syntax Error

Import trace for requested module:
./src/components/home/Hero3D.tsx
./src/components/home/HeroWrapper.tsx
<w> [webpack.cache.PackFileCacheStrategy] Caching failed for pack: Error: ENOENT: no such file or directory, rename 'c:\Users\TARIF\inception-23\.next\cache\webpack\server-development\1.pack.gz_' -> 'c:\Users\TARIF\inception-23\.next\cache\webpack\server-development\1.pack.gz'
 ✓ Compiled in 69s (5935 modules)
 ⨯ [Error: ENOENT: no such file or directory, open 'c:\Users\TARIF\inception-23\.next\routes-manifest.json'] {
  errno: -4058,
  code: 'ENOENT',
  syscall: 'open',
  path: 'c:\\Users\\TARIF\\inception-23\\.next\\routes-manifest.json',
  page: '/'
}
 ⨯ [Error: ENOENT: no such file or directory, open 'c:\Users\TARIF\inception-23\.next\routes-manifest.json'] {
  errno: -4058,
  code: 'ENOENT',
  syscall: 'open',
  path: 'c:\\Users\\TARIF\\inception-23\\.next\\routes-manifest.json',
  page: '/'
}
 ○ Compiling /_error ...
<w> [webpack.cache.PackFileCacheStrategy] Caching failed for pack: Error: ENOENT: no such file or directory, rename 'c:\Users\TARIF\inception-23\.next\cache\webpack\client-development\0.pack.gz_' -> 'c:\Users\TARIF\inception-23\.next\cache\webpack\client-development\0.pack.gz'
 ✓ Compiled /_error in 11.1s (6014 modules)
 ⨯ [Error: ENOENT: no such file or directory, open 'c:\Users\TARIF\inception-23\.next\routes-manifest.json'] {
  errno: -4058,
  code: 'ENOENT',
  syscall: 'open',
  path: 'c:\\Users\\TARIF\\inception-23\\.next\\routes-manifest.json'
}
 ⨯ [Error: ENOENT: no such file or directory, open 'c:\Users\TARIF\inception-23\.next\routes-manifest.json'] {
  errno: -4058,
  code: 'ENOENT',
  syscall: 'open',
  path: 'c:\\Users\\TARIF\\inception-23\\.next\\routes-manifest.json'
}
[Error: ENOENT: no such file or directory, open 'c:\Users\TARIF\inception-23\.next\routes-manifest.json'] {
  errno: -4058,
  code: 'ENOENT',
  syscall: 'open',
  path: 'c:\\Users\\TARIF\\inception-23\\.next\\routes-manifest.json',
  page: '/'
}
[Error: ENOENT: no such file or directory, open 'c:\Users\TARIF\inception-23\.next\routes-manifest.json'] {
  errno: -4058,
  code: 'ENOENT',
  syscall: 'open',
  path: 'c:\\Users\\TARIF\\inception-23\\.next\\routes-manifest.json',
  page: '/'
}
 ⨯ [Error: ENOENT: no such file or directory, open 'c:\Users\TARIF\inception-23\.next\routes-manifest.json'] {
  errno: -4058,
  code: 'ENOENT',
  syscall: 'open',
  path: 'c:\\Users\\TARIF\\inception-23\\.next\\routes-manifest.json'
}
 ⨯ [Error: ENOENT: no such file or directory, open 'c:\Users\TARIF\inception-23\.next\routes-manifest.json'] {
  errno: -4058,
  code: 'ENOENT',
  syscall: 'open',
  path: 'c:\\Users\\TARIF\\inception-23\\.next\\routes-manifest.json'
}
[Error: ENOENT: no such file or directory, open 'c:\Users\TARIF\inception-23\.next\routes-manifest.json'] {
  errno: -4058,
  code: 'ENOENT',
  syscall: 'open',
  path: 'c:\\Users\\TARIF\\inception-23\\.next\\routes-manifest.json'
}
[Error: ENOENT: no such file or directory, open 'c:\Users\TARIF\inception-23\.next\routes-manifest.json'] {
  errno: -4058,
  code: 'ENOENT',
  syscall: 'open',
  path: 'c:\\Users\\TARIF\\inception-23\\.next\\routes-manifest.json'
}
 GET / 500 in 37397ms
 GET / 500 in 2878ms
 GET / 500 in 35371ms
 GET / 500 in 2878ms
 ⨯ [Error: ENOENT: no such file or directory, open 'c:\Users\TARIF\inception-23\.next\routes-manifest.json'] {
  errno: -4058,
  code: 'ENOENT',
  syscall: 'open',
  path: 'c:\\Users\\TARIF\\inception-23\\.next\\routes-manifest.json',
  page: '/'
}
 ⨯ [Error: ENOENT: no such file or directory, open 'c:\Users\TARIF\inception-23\.next\routes-manifest.json'] {
  errno: -4058,
  code: 'ENOENT',
  syscall: 'open',
  path: 'c:\\Users\\TARIF\\inception-23\\.next\\routes-manifest.json',
  page: '/'
}
 ⨯ [Error: ENOENT: no such file or directory, open 'c:\Users\TARIF\inception-23\.next\routes-manifest.json'] {
  errno: -4058,
  code: 'ENOENT',
  syscall: 'open',
  path: 'c:\\Users\\TARIF\\inception-23\\.next\\routes-manifest.json'
}
[Error: ENOENT: no such file or directory, open 'c:\Users\TARIF\inception-23\.next\routes-manifest.json'] {
  errno: -4058,
  code: 'ENOENT',
  syscall: 'open',
  path: 'c:\\Users\\TARIF\\inception-23\\.next\\routes-manifest.json',
  page: '/'
}
 ⨯ [Error: ENOENT: no such file or directory, open 'c:\Users\TARIF\inception-23\.next\routes-manifest.json'] {
  errno: -4058,
  code: 'ENOENT',
  syscall: 'open',
  path: 'c:\\Users\\TARIF\\inception-23\\.next\\routes-manifest.json'
}
[Error: ENOENT: no such file or directory, open 'c:\Users\TARIF\inception-23\.next\routes-manifest.json'] {
  errno: -4058,
  code: 'ENOENT',
  syscall: 'open',
  path: 'c:\\Users\\TARIF\\inception-23\\.next\\routes-manifest.json',
  page: '/'
}
 ⨯ [Error: ENOENT: no such file or directory, open 'c:\Users\TARIF\inception-23\.next\routes-manifest.json'] {
  errno: -4058,
  code: 'ENOENT',
  syscall: 'open',
  path: 'c:\\Users\\TARIF\\inception-23\\.next\\routes-manifest.json'
}
[Error: ENOENT: no such file or directory, open 'c:\Users\TARIF\inception-23\.next\routes-manifest.json'] {
  errno: -4058,
  code: 'ENOENT',
  syscall: 'open',
  path: 'c:\\Users\\TARIF\\inception-23\\.next\\routes-manifest.json'
}
 GET / 500 in 2616ms
 GET / 500 in 784ms
 ⨯ [Error: ENOENT: no such file or directory, open 'c:\Users\TARIF\inception-23\.next\routes-manifest.json'] {
  errno: -4058,
  code: 'ENOENT',
  syscall: 'open',
  path: 'c:\\Users\\TARIF\\inception-23\\.next\\routes-manifest.json'
}
[Error: ENOENT: no such file or directory, open 'c:\Users\TARIF\inception-23\.next\routes-manifest.json'] {
  errno: -4058,
  code: 'ENOENT',
  syscall: 'open',
  path: 'c:\\Users\\TARIF\\inception-23\\.next\\routes-manifest.json'
}
 GET / 500 in 2181ms
 GET / 500 in 505ms
<w> [webpack.cache.PackFileCacheStrategy] Caching failed for pack: Error: ENOENT: no such file or directory, rename 'c:\Users\TARIF\inception-23\.next\cache\webpack\client-development-fallback\0.pack.gz_' -> 'c:\Users\TARIF\inception-23\.next\cache\webpack\client-development-fallback\0.pack.gz'
 ✓ Compiled in 1076ms (2912 modules)
 ✓ Compiled in 948ms (2912 modules)
 ✓ Compiled in 3s (5935 modules)
 ✓ Compiled in 1592ms (4832 modules)
 ✓ Compiled in 1030ms (4832 modules)
 GET / 200 in 2166ms
